engine,nox_c,nox_p,co_beta,co_gamma,co_max,co_min,hc_na,hc_max,hc_min,hc_ff85,hc_beta,hc_gamma,hc_a1,hc_b1,hc_b2
TFE731-2-2B,55.6278,0.820946,1.93474,0.904528,117.2,1.712,False,40.08,0.121,0.173,0.199659,2.49385,,,
TFE731-3,65.6935,0.83328,1.17095,1.01216,95.4,1.375,False,18.08,0.067,0.186,0.0227167,3.7504,,,
AE3007A,45.7175,0.825702,0.293871,1.61288,34.7,0.835,False,5.02,0.27,0,0.369406,1.38932,,,
AE3007A1,30.0417,0.653339,0.395084,1.67906,79.82,0.655,False,7.7,0.03,0,,,-5.41464,-6.65012,-1.52288
AE3007A1/1,29.9609,0.651482,0.399728,1.67114,80.14,0.645,False,7.76,0.03,0,,,-5.42382,-6.66926,-1.52288
AE3007A1/3,29.3484,0.637129,0.471398,1.55484,76.94,0.5,False,7.62,0.03,0,,,-5.53677,-6.88128,-1.52288
AE3007A1E,30.5601,0.660211,0.351372,1.74793,75.94,0.705,False,7.04,0.03,0,4.19702e-07,8.56658,,,
AE3007A1P,29.9739,0.651985,0.399029,1.67267,79.94,0.645,False,7.72,0.03,0,,,-5.42585,-6.66909,-1.52288
AE3007A2,31.1138,0.687572,0.251977,2.01055,68.34,0.725,False,3.42,0,0,,,-18.1044,-22.572,-7
AE3007A3,29.6525,0.646071,0.43239,1.62276,82.58,0.5,False,8.2,0.03,0,,,-5.61227,-6.95661,-1.52288
AE3007C,42.9307,0.781102,0.235538,1.70484,52.64,1.05,False,9.906,0.2725,0,0.0335313,3.52298,,,
AE3007C1,58.17,0.924148,0.00325501,3.52961,72.08,1e-07,False,11.76,0.005,0.2689,2.4104e-05,6.86909,,,
AE3007C2,64.3598,0.982277,0.0067782,3.28225,46.18,1e-07,False,5.14,0.005,0.2714,0.000189929,5.79602,,,
D-30,16.8649,0.807885,3.5405,1.38504,120.6,2.95,False,87.2,0.13,0,0.675729,3.01462,,,
D-30KP-2,10.761,0.774977,5.18786,1.58925,124.8,2.5,False,26.6,0.75,0,2.41522,1.33414,,,
D-30KU,10.3148,0.997309,4.14195,1.66767,108,3.25,False,21,0.35,0,1.62688,1.64933,,,
D-30KU-154,10.7408,0.848395,3.66591,1.93678,155.4,3.3,False,25.4,0.45,0,1.42152,1.92335,,,
PS-90A,19.0959,1.01855,1.05203,1.65811,30.36,0.43,False,2.64,0.115,1.279,2.25859,-0.306308,,,
PS-90A1,20.2443,1.06865,1.08161,1.58419,25.82,0.39,False,1.44,0.1,0,1.10327,0.10056,,,
PS-90A2,22.5613,1.1369,1.37597,1.51035,33.58,0.545,False,5.76,0.125,0,0.81426,1.4628,,,
BR700-710A1-10,22.8734,0.695484,0.723503,1.64336,55.64,0.985,False,2.18,0.02,0,0.00485144,4.74729,,,
BR700-710A2-20,22.7709,0.694282,0.725702,1.644,56,0.985,False,2.24,0.02,0,0.00457166,4.79252,,,
BR700-710C4-11,22.977,0.700005,0.765841,1.60476,63.14,0.98,False,4.58,0.02,0,0.00176849,5.52617,,,
BR700-715A1-30,23.1445,0.735368,0.889141,1.45072,39.44,0.645,False,0.22,0.055,0,0.468769,-0.102532,,,
BR700-715B1-30,24.9321,0.793868,0.910691,1.43108,37.2,0.675,False,0.14,0.045,0,0.657626,-0.830693,,,
BR700-715C1-30,26.7299,0.860461,0.923411,1.41783,35.7,0.72,False,0.12,0.035,0,0.622402,-0.823206,,,
BR-700-725A1-12,18.9566,0.650812,0.810878,1.70101,83.8,0.36,False,6,0,0,,,-18.0183,-18.8129,-7
CFM56-2A,18.76,0.699249,0.935094,1.71821,47,0.9,False,2.26,0.04,0,0.119382,3.13734,,,
CFM56-2B-1,18.6434,0.726218,0.962776,1.81069,61.4,0.9,False,3.66,0.045,0,0.0536609,4.11945,,,
CFM56-2-C5,18.6434,0.726218,0.962776,1.81069,61.4,0.9,False,3.66,0.045,0,0.0536609,4.11945,,,
CFM56-3-B1,18.3214,0.67524,0.760348,1.92313,68.8,0.925,False,4.56,0.045,0,0.033666,4.38762,,,
CFM56-3B-2,18.5411,0.6831,0.86563,1.80777,60.2,0.9,False,3.5,0.0415,0,0.0676162,3.77719,,,
CFM56-3C-1,18.2146,0.67101,0.687573,2.01753,76.2,0.95,False,5.72,0.05,0,0.0140781,5.03275,,,
CFM56-5-A1,23.0244,0.837566,0.845486,1.44311,35.2,0.9,False,2.8,0.23,0,0.908535,0.489098,,,
CFM56-5A3,23.2731,0.849583,0.925264,1.36955,32.4,0.9,False,2.6,0.2,0,0.792954,0.61799,,,
CFM56-5A4,24.4524,0.781356,0.820338,1.47863,40.6,1.1,False,3.5,0.23,0,0.880864,0.612078,,,
CFM56-5A5,24.752,0.790503,0.852771,1.43613,37,1.1,False,3.06,0.23,0,0.911689,0.519068,,,
CFM56-5B1,26.0062,0.879235,0.584681,2.06608,56.8,0.5,False,6.42,0.1,0,0.251654,2.72217,,,
CFM56-5B1/2,17.8018,1.04113,43.0885,-0.115238,68,1.55,False,18.2,0.1,0,50.6119,-1.97258,,,
CFM56-5B1/2P,17.263,0.847347,15.4377,0.40425,73,1.35,False,7.4,0.1,0,4.9442,-0.300967,,,
CFM56-5B1/3,20.3324,0.750909,0.93327,1.63953,55.84,0.29,False,2.74,0.025,0,0.103018,3.13678,,,
CFM56-5B1/P,25.9457,0.839644,0.850877,1.55682,39.6,0.9,False,7.4,0.15,0,0.872734,1.10362,,,
CFM56-5B2,26.4333,0.911113,0.565428,2.09543,54.8,0.5,False,6.08,0.1,0,0.291687,2.52465,,,
CFM56-5B2/2,18.0659,1.09278,37.8497,-0.056918,67.4,1.05,False,16.8,0.1,0,40.9445,-1.86139,,,
CFM56-5B2/2P,18.866,1.07999,13.8799,0.458555,71,1.15,False,6.6,0.1,0,4.44823,-0.290823,,,
CFM56-5B2/3,20.8334,0.784696,0.9291,1.63832,53.44,0.34,False,2.44,0.03,0,0.133373,2.84357,,,
CFM56-5B2/P,26.2911,0.859404,0.85389,1.56985,39,0.85,False,7.2,0.15,0,0.916073,1.05121,,,
CFM56-5B3/2P,19.0572,1.14013,12.718,0.48729,69,0.95,False,5.8,0.1,0,3.99101,-0.27207,,,
CFM56-5B3/3,21.3665,0.829718,0.92094,1.64023,51.18,0.395,False,2.2,0.035,0,0.165647,2.57798,,,
CFM56-5B3/P,26.5862,0.872663,0.80696,1.61917,38.4,0.85,False,7,0.15,0,0.959005,0.995131,,,
CFM56-5B4,24.8227,0.815551,0.694005,1.89331,63.8,0.5,False,7.74,0.1,0,0.166608,3.18521,,,
CFM56-5B4/2,13.9508,0.663723,52.3255,-0.162181,74.2,3.25,False,22.8,0.1,0,20.6862,-0.850862,,,
CFM56-5B4/2P,15.5871,0.773359,20.8931,0.306281,80.2,2.5,False,10.6,0.15,0,7.56267,-0.403546,,,
CFM56-5B4/3,19.0123,0.678991,0.956773,1.6292,64.14,0.205,False,3.84,0.02,0,0.0446379,3.91342,,,
CFM56-5B4/P,25.0167,0.7933,0.749039,1.67447,46.8,0.9,False,9.2,0.2,0,0.687819,1.46346,,,
CFM56-5B5/3,17.2928,0.609194,0.937795,1.67202,83.54,0.175,False,7.1,0.03,0,0.0180731,4.66754,,,
CFM56-5B5/P,23.648,0.76058,0.703645,1.73828,60,0.95,False,12.4,0.2,0,0.576323,1.75087,,,
CFM56-5B6/2,12.8806,0.399085,6.20616,0.908484,92.2,8.33,False,6.8,0.15,0,0.309825,2.41684,,,
CFM56-5B6/2P,13.6737,0.514535,9.3996,0.704537,89.6,5.25,False,9.2,0.2,0,0.535678,1.83911,,,
CFM56-5B6/3,17.7344,0.624097,0.946863,1.65601,76.78,0.17,False,5.86,0.025,0,0.0254114,4.40922,,,
CFM56-5B6/P,23.9066,0.759842,0.685922,1.74927,55.4,0.95,False,11,0.2,0,0.592098,1.68332,,,
CFM56-5B7/3,19.0123,0.678991,0.956773,1.6292,64.14,0.205,False,3.84,0.02,0,0.0446379,3.91342,,,
CFM56-5B7/P,25.0167,0.7933,0.749039,1.67447,46.8,0.9,False,9.2,0.2,0,0.687819,1.46346,,,
CFM56-5B8/3,17.1998,0.606227,0.937443,1.67399,85.64,0.18,False,7.52,0.03,0,0.0149277,4.79211,,,
CFM56-5B8/P,21.5292,0.739829,0.796197,1.69387,65.8,0.8,False,13,0.1,0.729,0.715403,1.51603,,,
CFM56-5B9/2P,13.4626,0.569447,8.80983,0.711592,88.2,5.5,False,8.8,0.25,0,0.516564,1.81535,,,
CFM56-5B9/3,17.6626,0.622898,0.949134,1.65901,77.6,0.165,False,6.02,0.025,0,0.0236665,4.46807,,,
CFM56-5B9/P,21.8384,0.74744,0.887803,1.62256,60.8,0.8,False,11.8,0.1,0.794,0.753671,1.43782,,,
CFM56-5C2,25.0654,0.89391,0.553602,2.19828,68,0.865,False,11.36,0.008,0,0.0602289,4.51135,,,
CFM56-5C2/P,23.8721,0.876598,0.65794,1.99464,70.2,0.75,False,11.6,0,0,,,-15.6332,-14.2847,-7
CFM56-5C3,25.329,0.907666,0.549549,2.21281,65.2,0.9,False,10.7,0.008,0,0.0665874,4.43923,,,
CFM56-5C3/P,24.1875,0.890886,0.652638,2.00693,66.8,0.75,False,10.8,0,0,,,-15.4336,-13.9416,-7
CFM56-5C4,25.7296,0.941018,0.546251,2.22996,61.86,0.925,False,10,0.008,0,0.0705044,4.4102,,,
CFM56-5C4/P,24.5632,0.913392,0.607648,2.06572,63.2,0.75,False,10,0,0,,,-15.1703,-13.5505,-7
CFM56-7B18,21.0863,0.654151,0.752734,1.69396,56.6,0.5,False,7,0.1,0,0.0236088,4.58117,,,
CFM56-7B18/3,16.28,0.585524,0.920469,1.72955,93.28,0.225,False,9.02,0.03,0,0.00900027,5.19047,,,
CFM56-7B20,21.4595,0.666748,0.767878,1.66782,51.8,0.55,False,6.2,0.1,0,0.0423006,4.17556,,,
CFM56-7B20/2,13.4109,0.435027,2.22481,1.36032,99.42,7.82,False,16.22,0.15,0,0.211298,3.24424,,,
CFM56-7B20/3,16.4679,0.589787,0.946932,1.69837,86.62,0.19,False,7.68,0.03,0,0.0169207,4.78194,,,
CFM56-7B20E,16.4434,0.586703,0.946932,1.69837,86.62,0.19,False,7.68,0.03,0,0.0169207,4.78194,,,
CFM56-7B22,22.2357,0.693035,0.733349,1.68653,45.6,0.55,False,5,0.1,0,0.0989126,3.44756,,,
CFM56-7B22/2,14.3862,0.641006,20.0412,0.3608,90.7,4.38,False,14.52,0.08,0.837,4.35177,0.284856,,,
CFM56-7B22/3,17.0016,0.610028,0.96724,1.6703,75.8,0.165,False,5.66,0.025,0,0.033029,4.28364,,,
CFM56-7B22E,17.0016,0.610028,0.96724,1.6703,75.8,0.165,False,5.66,0.025,0,0.033029,4.28364,,,
CFM56-7B22E/B1,17.0016,0.610028,0.96724,1.6703,75.8,0.165,False,5.66,0.025,0,0.033029,4.28364,,,
CFM56-7B24,22.9308,0.740724,0.722989,1.71437,44,0.5,False,4.8,0.1,0,0.138112,3.15226,,,
CFM56-7B24/2,15.0383,0.657676,20.8088,0.323187,85.44,2.84,False,13.1,0.06,0.902,5.13575,0.138619,,,
CFM56-7B24/3,17.4845,0.630953,0.975899,1.65892,69.42,0.165,False,4.6,0.025,0,0.0426428,4.05726,,,
CFM56-7B24E,17.4845,0.630953,0.975899,1.65892,69.42,0.165,False,4.6,0.025,0,0.0426428,4.05726,,,
CFM56-7B24E/B1,17.4845,0.630953,0.975899,1.65892,69.42,0.165,False,4.6,0.025,0,0.0426428,4.05726,,,
CFM56-7B26,23.8737,0.761746,0.631973,1.77875,37.6,0.4,False,3.8,0.1,0,0.230666,2.49312,,,
CFM56-7B26/2,16.0429,0.691623,16.9546,0.391268,79.86,1.64,False,11.76,0.045,0.989,4.07699,0.202209,,,
CFM56-7B26/3,18.3787,0.675138,0.97325,1.64943,61.88,0.205,False,3.5,0.02,0,0.0587148,3.74101,,,
CFM56-7B26E,18.3787,0.675138,0.97325,1.64943,61.88,0.18,False,3.5,0.02,0,0.0587148,3.74101,,,
CFM56-7B26E/B1,18.3787,0.675138,0.97325,1.64943,61.88,0.18,False,3.5,0.02,0,0.0587148,3.74101,,,
CFM56-7B26E/B2,18.3787,0.675138,0.97325,1.64943,61.88,0.18,False,3.5,0.02,0,0.0587148,3.74101,,,
CFM56-7B26E/B2F,18.3787,0.675138,0.97325,1.64943,61.88,0.18,False,3.5,0.02,0,0.0587148,3.74101,,,
CFM56-7B26E/F,18.3787,0.675138,0.97325,1.64943,61.88,0.18,False,3.5,0.02,0,0.0587148,3.74101,,,
CFM56-7B27,24.4318,0.787704,0.589387,1.83671,35.8,0.35,False,3.4,0.1,0,0.274659,2.24475,,,
CFM56-7B27/2,16.5899,0.722429,15.6838,0.416285,77.46,1.255,False,11.12,0.055,1.033,3.71935,0.223821,,,
CFM56-7B27/3,18.9924,0.712034,0.979161,1.63779,58.78,0.24,False,3.08,0.025,0,0.0827738,3.4121,,,
CFM56-7B27AE,18.9924,0.712034,0.979161,1.63779,58.78,0.24,False,3.08,0.025,0,0.0827738,3.4121,,,
CFM56-7B27E,18.9924,0.712034,0.979161,1.63779,58.78,0.24,False,3.08,0.025,0,0.0827738,3.4121,,,
CFM56-7B27E/B1,18.9924,0.712034,0.979161,1.63779,58.78,0.24,False,3.08,0.025,0,0.0827738,3.4121,,,
CFM56-7B27E/B1F,18.9924,0.712034,0.979161,1.63779,58.78,0.24,False,3.08,0.025,0,0.0827738,3.4121,,,
CFM56-7B27E/B3,18.9924,0.712034,0.979161,1.63779,58.78,0.24,False,3.08,0.025,0,0.0827738,3.4121,,,
CFM56-7B27E/F,18.9924,0.712034,0.979161,1.63779,58.78,0.24,False,3.08,0.025,0,0.0827738,3.4121,,,
LEAP-1A26/26E1,17.6931,0.567501,0.614731,1.63636,42.8,0.245,False,0.56,0.02,0,0.130617,1.85211,,,
LEAP-1B28,49.7395,3.09577,0.327764,2.02688,29.24,0.16,False,1.14,0.045,0,0.123781,2.3674,,,
LEAP-1B28B2,49.7395,3.09577,0.327764,2.02688,29.24,0.16,False,1.14,0.045,0,0.123781,2.3674,,,
LEAP-1B27,52.5747,3.68286,0.346608,1.97425,30.58,0.155,False,1.3,0.04,0,0.0830595,2.7673,,,
LEAP-1B25,51.1386,3.18544,0.364934,1.93571,32.02,0.15,False,1.48,0.04,0,0.0520146,3.18163,,,
GP7270,16.845,0.893152,1.81181,2.10228,67.16,0.1,False,8.08,0.03,0,0.789132,2.30397,,,
CF34-10A16,21.1764,0.685524,0.381704,2.27314,104.1,0.415,False,13.92,0.07,0,0.0054456,5.50163,,,
CF34-10A18,22.1563,0.706466,0.388058,2.26006,94.58,0.51,False,11.34,0.065,0,0.0105945,5.10225,,,
CF34-10E2A1,21.3694,0.705565,0.482322,2.11311,101.62,0.395,False,10.88,0.045,0,0.00360715,5.6136,,,
CF34-10E5,21.5295,0.71045,0.476918,2.12122,98.8,0.405,False,10.3,0.05,0,0.00368203,5.59654,,,
CF34-10E5A1,22.166,0.729715,0.462395,2.13899,89.86,0.455,False,8.6,0.03,0,0.00334146,5.6185,,,
CF34-10E6,21.5295,0.71045,0.476918,2.12122,98.8,0.405,False,10.3,0.05,0,0.00368203,5.59654,,,
CF34-10E6A1,22.166,0.729715,0.462395,2.13899,89.86,0.455,False,8.6,0.03,0,0.00334146,5.6185,,,
CF34-10E7,22.166,0.729715,0.462395,2.13899,89.86,0.455,False,8.6,0.03,0,0.00334146,5.6185,,,
CF34-10E7-B,21.2774,0.711814,0.58549,1.94332,83.46,0.83,False,8.04,0.07,0,0.0117925,4.90685,,,
CF34-3A,17.6483,0.478931,0.0078204,3.49063,85.2,1e-07,False,7.9,0.06,0,7.60447e-05,6.44109,,,
CF34-3A1,17.6483,0.478931,0.0078204,3.49063,85.2,1e-07,False,7.9,0.06,0,7.60447e-05,6.44109,,,
CF34-3B,17.1333,0.476616,0.00475445,3.68014,95.18,1e-07,False,9.38,0.055,0,2.88703e-05,6.91453,,,
CF34-8C1,17.1507,0.429434,0.750335,1.32591,39.46,0.58,False,0.26,0.025,0.479,0.459514,-0.045873,,,
CF34-8C5,17.1152,0.382113,0.888926,1.15502,36.5,0.605,False,0.26,0.02,0.53,0.408399,0.0661273,,,
CF34-8C5A1,17.381,0.387683,0.910265,1.14223,35.7,0.615,False,0.26,0.02,0.543,0.416401,0.0481306,,,
CF34-8C5A2,17.8572,0.397713,0.932534,1.12567,34.6,0.64,False,0.26,0.02,0.563,0.427512,0.0219978,,,
CF34-8C5A3,18.4513,0.41498,0.952068,1.10941,33.42,0.67,False,0.24,0.02,0.586,0.462784,-0.101667,,,
CF34-8C5B1,16.6221,0.376149,0.827149,1.20899,39.04,0.59,False,0.32,0.025,0.497,0.41334,0.142383,,,
CF34-8E2,16.4341,0.373716,0.813862,1.21833,40.02,0.585,False,0.32,0.025,0.485,0.406793,0.155956,,,
CF34-8E2A1,17.0746,0.382239,0.890022,1.15656,36.72,0.605,False,0.28,0.02,0.527,0.38528,0.16625,,,
CF34-8E5,17.1649,0.383104,0.89965,1.14709,36.32,0.605,False,0.26,0.02,0.533,0.410985,0.058994,,,
CF34-8E5A1,17.8572,0.397713,0.932534,1.12567,34.6,0.64,False,0.26,0.02,0.563,0.427512,0.0219978,,,
CF34-8E5A2,18.4513,0.41498,0.952068,1.10941,33.42,0.67,False,0.24,0.02,0.586,0.462784,-0.101667,,,
CF34-8E6,17.1649,0.383104,0.89965,1.14709,36.32,0.605,False,0.26,0.02,0.533,0.410985,0.058994,,,
CF34-8E6A1,17.8572,0.397713,0.932534,1.12567,34.6,0.64,False,0.26,0.02,0.563,0.427512,0.0219978,,,
CF6-45A,14.3595,0.807617,3.84258,1.00838,48.08,0.485,False,5.44,0.115,0,1.59157,0.489303,,,
CF6-45A2,14.3595,0.807617,3.84258,1.00838,48.08,0.485,False,5.44,0.115,0,1.59157,0.489303,,,
CF6-50A,14.4374,0.818204,3.77142,1.01879,48.08,0.46,False,5.44,0.145,0,1.63969,0.458067,,,
CF6-50C,14.5409,0.802618,3.69905,1.02959,48.08,0.45,False,5.44,0.14,0,1.6579,0.446661,,,
CF6-50C1,14.5532,0.815694,3.73316,1.02447,48.08,0.45,False,5.44,0.145,0,1.73154,0.402687,,,
"CF6-50C1, -C2",14.9557,0.982678,3.23945,1.92119,123.6,0.5,False,43.6,0.65,0,2.40027,1.73578,,,
CF6-50C2,14.5532,0.815694,3.73316,1.02447,48.08,0.45,False,5.44,0.145,0,1.73154,0.402687,,,
CF6-50C2B,14.7764,0.805071,3.56789,1.04978,48.08,0.45,False,5.44,0.14,0,1.6888,0.4278,,,
CF6-50C2R,14.5409,0.802618,3.69905,1.02959,48.08,0.45,False,5.44,0.14,0,1.6579,0.446661,,,
CF6-50CA,14.5409,0.802618,3.69905,1.02959,48.08,0.45,False,5.44,0.14,0,1.6579,0.446661,,,
CF6-50E,14.5532,0.815694,3.73316,1.02447,48.08,0.45,False,5.44,0.145,0,1.73154,0.402687,,,
CF6-50E1,14.5532,0.815694,3.73316,1.02447,48.08,0.45,False,5.44,0.145,0,1.73154,0.402687,,,
CF6-50E2,14.5532,0.815694,3.73316,1.02447,48.08,0.45,False,5.44,0.145,0,1.73154,0.402687,,,
CF6-50E2B,14.7764,0.805071,3.56789,1.04978,48.08,0.45,False,5.44,0.14,0,1.6888,0.4278,,,
CF6-6D,23.2269,0.973845,2.49584,1.76148,108.4,0.5,False,42,0.3,0,1.01001,2.47072,,,
CF6-6D1A,23.2277,0.965099,2.27074,1.81836,104,0.5,False,39.8,0.3,0,0.966502,2.53283,,,
CF6-6K,23.2269,0.973845,2.49584,1.76148,108.4,0.5,False,42,0.3,0,1.01001,2.47072,,,
CF6-6K2,23.2277,0.965099,2.27074,1.81836,104,0.5,False,39.8,0.3,0,0.966502,2.53283,,,
CF6-80A,15.6821,0.83934,2.83544,1.21135,56.4,1.05,False,12.58,0.29,0,1.77393,0.871316,,,
CF6-80A1,15.6821,0.83934,2.83544,1.21135,56.4,1.05,False,12.58,0.29,0,1.77393,0.871316,,,
CF6-80A2,15.6667,0.800648,2.85688,1.2072,56.4,1.05,False,12.56,0.335,0,1.87657,0.820318,,,
CF6-80A3,15.6667,0.800648,2.85688,1.2072,56.4,1.05,False,12.56,0.335,0,1.87657,0.820318,,,
CF6-80C2A1,14.5727,0.616709,2.36335,1.34715,39.52,0.045,False,3.18,0.05,0,1.10252,0.755585,,,
CF6-80C2A2,14.1141,0.563853,2.23814,1.40939,43.94,0.045,False,3.8,0.05,0,0.867761,1.22261,,,
CF6-80C2A3,14.6639,0.633784,2.39519,1.33233,38.64,0.05,False,3.08,0.045,0,1.08599,0.766514,,,
CF6-80C2A5,14.7295,0.645059,2.41734,1.32032,37.78,0.05,False,2.96,0.045,0,1.12673,0.687768,,,
CF6-80C2A5F,14.4615,0.637421,2.58453,1.26478,33.92,0.045,False,2.36,0.045,0,1.22069,0.452625,,,
CF6-80C2A8,14.5679,0.614874,2.36335,1.34715,39.52,0.045,False,3.18,0.05,0,1.10252,0.755592,,,
CF6-80C2B1,14.4473,0.592538,2.29597,1.37609,41.24,0.04,False,3.42,0.05,0,1.01928,0.91331,,,
CF6-80C2B1F,14.3265,0.579865,2.43868,1.2989,38.46,0.04,False,3.08,0.05,0,1.04788,0.804088,,,
CF6-80C2B2,14.0693,0.560858,2.22902,1.41459,44.82,0.045,False,3.94,0.05,0,0.847253,1.2745,,,
CF6-80C2B2F,13.9064,0.544673,2.34068,1.34787,43.12,0.05,False,3.72,0.05,0,0.88904,1.14187,,,
CF6-80C2B4,14.5346,0.607223,2.34115,1.35402,39.52,0.045,False,3.18,0.05,0,1.06641,0.809047,,,
CF6-80C2B4F,14.3341,0.581833,2.43868,1.2989,38.46,0.04,False,3.08,0.05,0,1.04789,0.804075,,,
CF6-80C2B5F,14.6182,0.629247,2.57456,1.22889,34.9,0.045,False,2.62,0.05,0,1.23811,0.45407,,,
CF6-80C2B6,14.7295,0.645059,2.41734,1.32032,37.78,0.05,False,2.96,0.045,0,1.12673,0.687768,,,
CF6-80C2B6F,14.5139,0.615508,2.53122,1.26267,36.84,0.045,False,2.86,0.05,0,1.17092,0.59272,,,
CF6-80C2B7F,14.5139,0.615508,2.53122,1.26267,36.84,0.045,False,2.86,0.05,0,1.17092,0.59272,,,
CF6-80C2B8F,14.2173,0.62258,2.36589,1.25826,33.38,0.025,False,2.28,0.04,0,1.07554,0.572174,,,
CF6-80C2B8FA,14.3766,0.606248,2.61427,1.24281,36.54,0.045,False,2.82,0.05,0,1.19355,0.560963,,,
CF6-80C2D1F,14.5598,0.627187,2.55627,1.25017,36.04,0.045,False,2.76,0.045,0,1.197,0.540704,,,
CF6-80E1A1,14.1383,0.628512,2.75121,1.26782,35.28,0.045,False,2.6,0.045,0,1.2897,0.45999,,,
CF6-80E1A2,14.1958,0.646079,2.77368,1.2593,34.74,0.045,False,2.5,0.04,0,1.33537,0.379779,,,
CF6-80E1A3,13.3499,1.08562,2.1133,1.98324,74.04,0.325,False,19.06,0.07,0,1.59745,1.68089,,,
CF6-80E1A4,14.2663,0.691124,2.55453,1.22261,30.1,0.03,False,1.84,0.04,0,1.30486,0.175256,,,
GE90-110B1,13.348,0.799012,4.90169,2.13551,81.18,0.07,False,9.1,0.03,0,3.15037,0.623163,,,
GE90-113B,13.2231,0.824228,3.71161,2.49939,79.44,0.075,False,8.74,0.03,0,2.48249,1.09634,,,
GE90-115B,13.1302,0.841671,3.22899,2.66062,78.22,0.075,False,8.48,0.035,0,2.19982,1.3383,,,
GE90-76B,16.8527,0.830396,3.35761,1.72192,68.24,0.315,False,6.42,0.03,0,0.892803,2.0964,,,
GE90-77B,16.8494,0.833607,3.39481,1.71652,67.62,0.315,False,6.32,0.03,0,0.922021,2.03457,,,
GE90-85B,16.9554,0.84911,3.67427,1.64956,62.68,0.305,False,5.6,0.035,0,1.07859,1.69702,,,
GE90-90B,16.9676,0.859935,4.10001,1.56454,59.78,0.305,False,5.18,0.035,0,1.3289,1.2634,,,
GE90-92B,17.3875,0.891968,3.66027,1.03969,24.7,0.15,False,0.74,0.04,0,2.06143,-1.32542,,,
GE90-94B,17.0049,0.865912,4.35042,1.51561,58.46,0.305,False,4.98,0.035,0,1.47751,1.0409,,,
GEnx-1B54,9.60873,0.475929,2.49771,1.39867,52.2,0.955,False,2.68,0.02,0,0.513464,1.81192,,,
GEnx-1B58,10.5383,0.567695,2.54832,1.37101,48.62,0.56,False,2.22,0.02,0,0.557548,1.5896,,,
GEnx-1B64,11.8357,0.740499,2.61109,1.32325,43.24,0.28,False,1.62,0.02,0,0.650326,1.1615,,,
GEnx-1B67,12.1465,0.834701,2.64853,1.30357,41.4,0.235,False,1.44,0.02,0,0.718846,0.922908,,,
GEnx-1B70,12.1423,0.982116,2.67807,1.28502,39.36,0.205,False,1.26,0.02,0,0.799974,0.661182,,,
GEnx-2B67,11.8788,0.939186,3.17358,1.17243,37.9,0.225,False,1.14,0.02,0,0.945554,0.323906,,,
GEnx-1B54/P1,9.89029,0.507045,2.5875,1.36576,47.22,0.885,False,2.04,0.02,0,0.581293,1.49606,,,
GEnx-1B58/P1,10.8021,0.597353,2.63653,1.33083,43.94,0.52,False,1.68,0.02,0,0.626325,1.26141,,,
GEnx-1B64/P1,11.9946,0.770589,2.69085,1.29161,39.46,0.27,False,1.28,0.02,0,0.71061,0.898541,,,
GEnx-1B67/P1,12.2736,0.857074,2.72311,1.27333,37.88,0.235,False,1.16,0.02,0,0.77726,0.682988,,,
GEnx-1B70/P1,12.2781,0.990713,2.7544,1.25393,36.1,0.2025,False,1.04,0.02,0,0.802133,0.567595,,,
GEnx-1B70/72/P1,12.2781,0.990713,2.7544,1.25393,36.1,0.2025,False,1.04,0.02,0,0.802133,0.567595,,,
GEnx-1B70/75/P1,12.2781,0.990713,2.7544,1.25393,36.1,0.2025,False,1.04,0.02,0,0.802133,0.567595,,,
GEnx-1B74/75/P1,10.3899,1.36147,2.83268,1.2154,33.72,0.18,False,0.88,0.025,0,0.861692,0.337196,,,
GEnx-1B75/P1,8.95124,1.55532,2.85275,1.20471,33.26,0.18,False,0.86,0.025,0,0.885099,0.273067,,,
GEnx-2B67B,11.8788,0.939186,3.17358,1.17243,37.9,0.225,False,1.14,0.02,0,0.945554,0.323906,,,
GEnx-1B54/P2,11.2506,0.498403,2.02624,1.3559,32.78,1.025,False,1.16,0.02,0,0.505569,1.39634,,,
GEnx-1B58/P2,12.114,0.576474,2.08409,1.33397,32.78,0.555,False,1.16,0.02,0,0.493055,1.44081,,,
GEnx-1B64/P2,13.3734,0.716619,2.17924,1.29418,32.26,0.215,False,1.12,0.02,0,0.617884,1.01793,,,
GEnx-1B67/P2,13.7437,0.77917,2.21813,1.27687,30.98,0.16,False,1,0.02,0,0.676617,0.799397,,,
GEnx-1B70/72/P2,14.0476,0.862495,2.28329,1.24137,29.56,0.115,False,0.88,0.02,0,0.751324,0.533149,,,
GEnx-1B70/75/P2,14.0476,0.862495,2.28329,1.24137,29.56,0.115,False,0.88,0.02,0,0.751324,0.533149,,,
GEnx-1B70/P2,14.0476,0.862495,2.28329,1.24137,29.56,0.115,False,0.88,0.02,0,0.751324,0.533149,,,
GEnx-1B74/75/P2,14.005,1.0127,2.38202,1.19607,27.6,0.08,False,0.76,0.02,0,0.724765,0.527919,,,
GEnx-1B75/P2,13.8843,1.05061,2.40416,1.18403,27.24,0.075,False,0.74,0.025,0,0.74453,0.4614,,,
GEnx-1B76/P2,13.6256,1.10281,2.42553,1.17212,26.88,0.07,False,0.72,0.025,0,0.765582,0.392162,,,
GEnx-1B76A/P2,13.6256,1.10281,2.42553,1.17212,26.88,0.07,False,0.72,0.025,0,0.765582,0.392162,,,
GEnx-2B67/P,14.3909,0.842772,2.15787,1.28965,28.56,0.12,False,0.82,0.02,0,0.604114,0.918522,,,
HTF7000,37.186,0.677018,0.270082,1.86046,66.48,0.595,False,2.52,0.055,0,0.000461112,5.12623,,,
HTF7250G,35.876,0.664418,0.313109,1.76225,60.96,0.585,False,1.98,0.055,0,0.00175341,4.46002,,,
HTF7350,36.4933,0.667058,0.317556,1.74492,61.8,0.585,False,2,0.055,0,0.00203804,4.37854,,,
HTF7500E,36.7531,0.667413,0.303046,1.76754,56.16,0.565,False,1.68,0.055,0,0.00356807,4.09002,,,
HTF7700L,36.6195,0.666076,0.335995,1.69905,59.24,0.59,False,1.9,0.055,0,0.00216176,4.33044,,,
V2500-A1,33.5444,0.841184,0.36095,1.91199,15.52,0.55,False,0.44,0.105,0,1.08611,-0.696998,,,
V2522-A5,21.5574,0.716281,0.951696,1.39616,24.98,0.435,False,0.28,0.035,0,0.689855,-0.374833,,,
V2524-A5,21.9241,0.730201,0.94107,1.40527,24.06,0.43,False,0.28,0.035,0,0.708596,-0.405538,,,
V2525-D5,25.1414,0.874423,0.986243,1.35459,24.86,0.575,False,0.21,0.041,0,0.761865,-0.692505,,,
V2527-A5,21.9766,0.732959,0.936273,1.41266,23.92,0.43,False,0.28,0.03,0.873,0.68797,-0.35884,,,
V2527-A5E,21.9766,0.732959,0.936273,1.41266,23.92,0.43,False,0.28,0.03,0.873,0.68797,-0.35884,,,
V2527-A5M,21.9766,0.732959,0.936273,1.41266,23.92,0.43,False,0.28,0.03,0.873,0.68797,-0.35884,,,
V2527E-A5,25.1414,0.874423,0.986243,1.35459,24.86,0.575,False,0.22,0.04,0,0.730392,-0.605563,,,
V2527M-A5,25.1414,0.874423,0.986243,1.35459,24.86,0.575,False,0.22,0.04,0,0.730392,-0.605563,,,
V2528-D5,25.484,0.897414,1.00957,1.33654,23.06,0.515,False,0.204,0.042,0,0.757004,-0.690532,,,
V2530-A5,23.9375,0.83125,0.978155,1.37731,20.9,0.4,False,0.24,0.025,1.078,0.716335,-0.48828,,,
V2533-A5,24.6682,0.884493,1.01212,1.34488,20.24,0.395,False,0.24,0.015,1.142,0.721878,-0.492914,,,
V2531-E5,24.3513,0.837969,0.96942,1.3646,20.34,0.4,False,0.18,0.015,0,1.14588,-1.44399,,,
NK-8-2U,9.61879,0.783496,7.67412,1.89743,232,5.75,False,207.6,0.5,0,2.90919,2.93792,,,
NK-86,7.91639,0.623943,4.61333,1.57713,108.8,4.05,False,104,0.55,0,1.66602,2.77307,,,
NK-86A,8.65916,0.77925,4.48159,1.47379,76,2,False,30.6,0.2,1.7,2.9575,1.35272,,,
NK-86MA,6.36066,0.91498,3.78623,1.4261,59.6,1.725,False,9.2,0.145,0,1.25736,1.54638,,,
SaM146-1S17,18.9876,0.684653,0.781919,1.68375,58.72,0.31,False,2.1,0.035,0,0.0117399,4.37325,,,
SaM146-1S18,19.2757,0.695984,0.797286,1.66864,55.1,0.3,False,1.64,0.03,0,0.0261796,3.80006,,,
JT15D-1,33.2748,0.768114,0.8485,1.34292,264,3.075,False,101,0.01,0.124,8.27278e-06,7.49796,,,
JT15D-4,27.7625,0.61093,1.01975,1.24884,194,2.64,False,80,0.14,0.143,0.000912669,5.69731,,,
"JT15D-5, -5A, -5B",42.158,0.827309,1.16434,1.31122,238.4,0.575,False,238.2,0.65,0.1727,0.0011419,6.14002,,,
JT15D-5C,33.8274,0.758766,3.22048,1.00793,249.2,3.35,False,193.34,0.335,0.1802,0.128936,3.57009,,,
JT3D-3B,10.6181,0.743643,5.23218,1.45787,196,2.15,False,224,3,0,0.915584,3.22496,,,
JT3D-7,10.1926,0.749683,4.00768,1.71872,277.98,1.395,False,246,0.45,0,0.844482,3.29174,,,
JT8D-11,16.5542,0.971629,2.31767,1.41505,70,1.55,False,20,0.425,0,0.988272,1.78016,,,
JT8D-15,16.5065,0.850645,1.23067,1.23936,22,1.09,False,2.92,0.26,0,1.19226,0.373955,,,
JT8D-15A,16.0714,0.815893,1.03402,1.39476,25.86,1.14,False,3.72,0.29,0,1.11949,0.557917,,,
JT8D-17,16.7384,0.803698,1.32396,1.15751,20.92,1.025,False,2.5,0.245,0,1.27362,0.200698,,,
JT8D-17A,16.1374,0.838853,1.17337,1.29794,24.92,1.115,False,13.2,0.275,0,0.615193,2.14517,,,
JT8D-17AR,17.4602,0.900254,1.33462,1.16495,21.4,1.005,False,2.66,0.24,0,1.29889,0.217968,,,
JT8D-17R,17.7499,0.885362,1.43425,1.07972,18.86,0.99,False,1.9,0.24,1.103,1.49511,-0.132786,,,
JT8D-209,19.5976,0.815328,2.0889,0.947105,28.2,1.215,False,8.06,0.425,0.9828,1.92936,0.474778,,,
JT8D-217,19.9434,0.848157,2.29213,0.851912,24.54,1.015,False,6.66,0.355,1.078,2.09871,0.311825,,,
JT8D-217A,14.0021,0.616439,1.7512,1.11813,30.62,0.445,True,,,,,,,,
JT8D-217C,13.5885,0.606974,1.57526,1.26116,35.78,0.455,True,,,,,,,,
JT8D-219,14.3703,0.671686,1.6819,1.18743,34.38,0.44,True,,,,,,,,
JT8D-7,17.0789,0.819875,0.554449,1.89304,28.6,1,False,7.6,0.25,0,0.355659,2.49704,,,
JT8D-9,18.004,0.938962,0.592321,1.85865,28.28,1.075,False,6.24,0.165,0,0.73262,1.38205,,,
JT9D-20J,15.6868,1.24962,3.94193,1.96944,133.4,0.9,False,49,0,1.902,1.76986,2.3624,,,
JT9D-59A,12.1706,1.06936,1.79306,2.44926,106,0.2,False,24,0.2,0,1.49312,2.04059,,,
JT9D-70A,12.1706,1.06936,1.79306,2.44926,106,0.2,False,24,0.2,0,1.49312,2.04059,,,
JT9D-7F,15.9248,1.23056,3.29623,2.08244,137.2,0.9,False,51.8,0,1.779,1.52061,2.5801,,,
JT9D-7J,15.6868,1.24962,3.94193,1.96944,133.4,0.9,False,49,0,1.902,1.76986,2.3624,,,
JT9D-7Q,12.1706,1.06936,1.79306,2.44926,106,0.2,False,24,0.2,0,1.49312,2.04059,,,
"JT9D-7R4D, -7R4D1",16.7341,1.14633,2.09924,0.950501,17.68,0.495,False,2.5,0.135,0,1.22232,0.437263,,,
"JT9D-7R4E, -7R4E1",18.1395,1.12089,1.90681,1.04263,16.54,0.55,False,2.22,0.145,0,1.20646,0.429234,,,
"JT9D-7R4E4, -E1",14.9239,1.13615,1.80003,1.52683,32,0.67,False,6.7,0.14,0,1.32343,1.12152,,,
JT9D-7R4G2,14.5239,1.1632,1.97974,1.25864,23.64,0.685,False,3.1,0.145,0,1.41354,0.441262,,,
JT9D-7R4H1,12.6285,1.35068,2.37842,1.17623,23.26,0.685,False,2.96,0.145,0,1.70383,0.181897,,,
PW814GA,27.5156,0.559106,0.345504,1.67832,27.76,1e-07,False,0.1,0,0.549,0.0979511,1.14119,,,
PW815GA,28.8669,0.588537,0.299482,1.76848,26.8,1e-07,False,0.1,0,0.573,0.1072,1.06955,,,
PW1122G-JM,19.1189,0.527645,1.10981,1.3431,59.56,0.32,False,1.1,0.1,0,0.00406796,4.34529,,,
PW1124G1-JM,19.1189,0.527645,1.10981,1.3431,59.56,0.32,False,1.1,0.1,0,0.00406796,4.34529,,,
PW1124G-JM,19.1189,0.527645,1.10981,1.3431,59.56,0.32,False,1.1,0.1,0,0.00406796,4.34529,,,
PW1127G1-JM,20.5148,0.575499,1.16025,1.29467,55.86,0.26,False,0.86,0.03,0,0.0111748,3.69471,,,
PW1127GA-JM,20.5148,0.575499,1.16025,1.29467,55.86,0.26,False,0.86,0.03,0,0.0111748,3.69471,,,
PW1127G-JM,20.5148,0.575499,1.16025,1.29467,55.86,0.26,False,0.86,0.03,0,0.0111748,3.69471,,,
PW1129G-JM,21.7506,0.620695,1.20032,1.25687,53.04,0.23,False,0.72,0.03,0,0.0379497,2.88294,,,
PW1130G-JM,23.9939,0.716712,0.923015,1.50316,48.12,0.225,False,0.52,0.035,0,0.0734262,2.43262,,,
PW1133GA-JM,23.9939,0.716712,0.923015,1.50316,48.12,0.225,False,0.52,0.035,0,0.0734262,2.43262,,,
PW1133G-JM,23.9939,0.716712,0.923015,1.50316,48.12,0.225,False,0.52,0.035,0,0.0734262,2.43262,,,
PW1525G,31.3173,0.702245,0.433592,1.60184,26,0.0500001,False,0.2,0.1,0,1.42811,-1.48906,,,
PW1524G,31.3173,0.702245,0.433592,1.60184,26,0.0500001,False,0.2,0.1,0,1.42811,-1.48906,,,
PW1521G,27.7442,0.612069,0.547346,1.4013,29.2,0.1,False,0.2,0.1,0,1.28977,-1.31232,,,
PW1519G,25.5896,0.564628,0.523847,1.46319,32,0.0500001,False,0.4,0.1,0,0.870503,-0.568774,,,
PW2037,19.4475,0.877373,1.16805,1.67775,44.72,0.335,False,3.84,0.02,0,0.483847,1.86363,,,
PW2040,19.9846,0.938396,1.07447,1.73255,39.9,0.365,False,3.3,0.015,0,0.564841,1.58594,,,
PW306A,42.1531,0.611094,0.355747,1.65234,72.7,2.39,False,8.72,0,0,,,-21.0311,-28.2718,-7
PW306B,42.1531,0.611094,0.355747,1.65234,72.7,2.39,False,8.72,0,0,,,-21.0311,-28.2718,-7
PW307A,42.6589,0.78881,0.0153269,3.06129,66.14,0.23,False,5.78,0,0,,,-20.7496,-27.5447,-7
PW307D,46.0748,0.806856,0.0578845,2.52131,53.5,0.01,False,1.5,0,0,,,-17.9678,-24.1183,-7
PW308A,33.7612,0.702602,0.247607,1.90089,76.42,0.945,False,13.24,0,0.2991,,,-5.68416,-6.86208,-7
PW308C,43.7872,0.866424,0.127818,2.31383,74.1,0.535,False,0.78,0,0,,,-17.6108,-23.4757,-7
PW4056,15.0034,0.707381,2.3106,1.46009,43.72,0.505,False,3.84,0.035,0,1.14285,0.870957,,,
PW4074,14.1084,0.931878,1.11992,2.23313,42,0.1,False,6.4,0.1,0,2.13615,0.447281,,,
PW4074D,14.6301,0.979094,1.63309,2.25545,68.68,0.24,False,10.14,0.04,0,1.30655,1.58623,,,
PW4077,14.0649,0.938167,1.22478,2.13963,40.4,0.1,False,6,0.1,0,2.31212,0.312475,,,
PW4077D,12.7224,1.07566,2.89607,1.88533,49.6,0.315,False,5.64,0.02,0,1.17714,1.83771,,,
PW4084,13.9807,0.948812,1.56553,1.89567,37.46,0.1,False,5.4,0.1,0,2.94868,-0.0226441,,,
PW4084D,12.4341,1.1062,3.34388,1.66138,42.24,0.3,False,4.32,0.02,0,1.62291,0.928886,,,
PW4090,12.6638,1.09794,3.4183,1.19458,23.88,0.29,False,1.38,0.02,0,1.83645,-0.460712,,,
PW4152,14.8235,0.676642,2.15457,1.53821,47.34,0.56,False,4.48,0.02,0,0.950622,1.25987,,,
PW4156,15.0034,0.707381,2.3106,1.46009,43.72,0.505,False,3.84,0.035,0,1.14285,0.870957,,,
PW4158,15.0105,0.734602,2.40952,1.41683,41.98,0.47,False,3.56,0.055,0,1.30271,0.622299,,,
PW4164,12.7599,0.589075,4.16602,1.01548,35.46,0.185,False,0.74,0,0,,,-13.0317,-8.5087,-7
PW4164-1D,12.8158,0.6876,2.89688,1.27572,34.26,0.165,False,2.88,0,2.239,1.0526,0.987124,,,
PW4168,12.9274,0.635682,4.34168,0.93709,31.8,0.15,False,0.4,0,0,,,-12.3548,-8.13727,-7
PW4168-1D,12.8963,0.738494,2.9708,1.18452,29.56,0.175,False,1.9,0,2.398,1.11964,0.573497,,,
PW4168A,12.9274,0.635682,4.34168,0.93709,31.8,0.15,False,0.4,0,0,,,-12.3548,-8.13727,-7
PW4168A-1D,12.8963,0.738494,2.9708,1.18452,29.56,0.175,False,1.9,0,2.398,1.11964,0.573497,,,
PW4060,14.8121,0.789238,2.38729,1.87407,88.92,0.535,False,23.26,0.07,0,0.855296,2.67232,,,
PW4062,14.7947,0.815057,2.50119,1.83669,85.22,0.555,False,21.72,0.075,0,0.888549,2.59719,,,
PW4170,12.8991,0.753785,2.99743,1.15077,28.08,0.18,False,1.66,0,2.45,1.18977,0.356433,,,
PW4256,15.7614,0.758355,1.4463,1.34731,23.2,0.11,False,1.32,0.14,0,1.84528,-0.589933,,,
PW4460,15.0624,0.762012,2.49785,1.37812,40.64,0.44,False,3.32,0.065,0,1.40133,0.467519,,,
PW4x50,15.2211,0.729027,1.75378,1.91327,73.82,0.575,False,13.6,0.095,0,0.854139,2.15707,,,
PW4x52,15.2893,0.737868,1.80938,1.88047,69.08,0.56,False,12.04,0.09,0,0.887687,2.05114,,,
PW4x56,15.4353,0.766613,1.97401,1.7835,59.92,0.52,False,9.5,0.085,0,1.05917,1.66445,,,
PW4x58,15.4829,0.785204,2.0977,1.72223,56.16,0.485,False,8.58,0.085,0,1.12227,1.52922,,,
PW4X58,12.7202,0.590165,3.59713,1.23258,48.6,0.25,False,3.4,0,0,,,-14.6017,-9.60621,-7
PW4x60,15.5418,0.806146,2.21304,1.65276,51.66,0.46,False,7.46,0.08,0,1.23495,1.29983,,,
PW4x62,15.5246,0.834878,2.35246,1.58059,47.92,0.445,False,6.52,0.08,0,1.35578,1.07617,,,
PW6122A,15.8986,0.810615,1.17784,1.43227,49.36,0.73,False,0.012,0.0005,0.86,0.00887698,1.91726,,,
PW6124A,17.777,0.833438,1.18972,1.46864,50.38,0.745,False,0.004,0.001,0.939,0.0489137,0.195396,,,
RB211-22B,16.0395,1.30146,8.58714,1.5629,177.98,1.23,False,135.5,0.2,1.546,3.40654,2.33512,,,
RB211-524B,18.1743,1.31724,1.87305,1.41573,24.78,0.515,False,3.9,0.325,0,2.53085,-0.124287,,,
RB211-524C2,14.3542,1.17227,12.3774,1.556,162,1.145,False,108.4,0.11,2.02,5.56667,2.17247,,,
RB211-524D4,18.5517,1.34894,2.09323,1.19147,18.6,0.79,False,2.82,0.425,0,2.78228,-0.500709,,,
RB211-524G,15.3412,1.37617,1.64732,1.73007,27.48,0.51,False,1.78,0.33,0,2.43371,-0.731397,,,
RB211-524G-T,12.1107,0.857775,1.8968,2.12827,57.64,0.15,False,7.9,0.015,0,,,-16.7231,-9.18685,-4.26144
RB211-524H,16.4393,1.36964,1.74098,1.55432,23.5,0.625,False,1.48,0.335,0,2.50995,-0.927811,,,
RB211-524H-T,12.12,0.884935,2.0182,1.99368,52.34,0.16,False,6.62,0.01,0,,,-15.9481,-8.81026,-4.34949
RB211-535C,15.3209,1.31917,0.334174,3.21812,37.58,0.485,False,2.88,0.195,0,1.71056,0.0581475,,,
RB211-535E4,13.7182,0.735681,1.90214,1.42118,40.66,0.275,False,0.54,0.015,1.5,0.476848,0.811099,,,
RB211-535E4B,13.9798,0.790271,1.96307,1.3836,36.48,0.295,False,0.28,0.035,1.64,0.75032,-0.373589,,,
Spey 555,23.3297,1.0341,0.818818,1.67303,62.32,1.81,False,6.82,0.185,0,0.158356,3.03231,,,
SPEY Mk511,26.5705,1.04342,2.3959,1.74199,195.92,1.935,False,113.46,1.15,0,1.26066,2.29323,,,
SPEY Mk555,28.4325,0.942203,0.439392,2.08631,58.6,0.5,False,3.72,0.22,0,0.333971,1.83846,,,
TAY611-8C,26.58,1.05112,0.231901,2.54349,48.8,0.725,False,2.98,0.04,0.604,0.848406,0.603319,,,
TAY 650,18.5531,0.940982,0.105361,3.26774,44.72,0.585,False,2.46,0.165,0,0.0599556,3.69134,,,
TAY 651,24.4555,1.19009,0.952577,1.78454,65.36,1.805,False,6.2,0.465,0,0.885874,1.04775,,,
TAY Mk611-8,28.3469,1.10309,0.49526,2.05385,48.2,0.75,False,6.8,0.55,0,0.761322,1.21827,,,
TAY Mk620-15,28.3469,1.10309,0.49526,2.05385,48.2,0.75,False,6.8,0.55,0,0.761322,1.21827,,,
TAY Mk650-15,23.6545,1.17897,0.957773,1.78796,67.54,1.875,False,6.58,0.39,0,0.840299,1.13989,,,
Trent 553-61,19.1072,0.968528,0.822201,2.13182,21,0.31,False,0.28,0.015,0,0.690631,-0.118917,,,
Trent 556-61,19.1906,1.00737,0.758186,2.19095,19.92,0.275,False,0.26,0.015,0,0.737403,-0.304091,,,
Trent 768,12.4168,0.859819,2.95649,1.65785,53.88,0.42,False,6.38,0.005,2.375,0.709129,2.58359,,,
Trent 772,12.3196,0.898157,3.26979,1.53795,47.94,0.35,False,4.92,0.01,0,0.873415,2.02387,,,
Trent 875,11.8875,0.889689,2.82191,1.56336,39.32,0.175,False,3.56,0,0,,,-14.5788,-7.80938,-7
Trent 877,11.8967,0.898011,2.94853,1.47156,36.84,0.18,False,3.1,0,0,,,-14.1798,-7.64883,-7
Trent 884,11.5871,0.956273,3.7074,1.22275,30.38,0.21,False,2,0,0,,,-14.1297,-7.18691,-7
Trent 892,11.5956,0.982754,4.17282,0.956425,26.14,0.24,False,1.4,0.005,0,,,-13.0912,-7,-4.5
Trent 895,10.6946,1.05291,7.58526,0.596156,29.42,0.23,False,1.78,0.01,0,,,-13.8248,-6.70706,-4.34949
Trent 1000-A2,20.0458,0.976174,1.10787,1.73326,16.8,0.48,False,0.08,0,0,,,-13.7975,-9.82595,-7
Trent 1000-C2,20.1215,1.01804,1.20731,1.55224,14.74,0.49,False,0.06,0,0,,,-12.7145,-9.24444,-7
Trent 1000-D2,20.1215,1.01804,1.20731,1.55224,14.74,0.49,False,0.06,0,0,,,-12.7145,-9.24444,-7
Trent 1000-E2,19.7325,0.89926,0.957938,1.95685,22.7,0.44,False,0.2,0,0,,,-15.3348,-10.9936,-7
Trent 1000-G2,20.1281,0.997256,1.18293,1.59342,15.62,0.485,False,0.08,0,0,,,-13.1721,-9.49078,-7
Trent 1000-H2,19.9264,0.933743,1.02398,1.85402,19.64,0.455,False,0.14,0,0,,,-14.7022,-10.4561,-7
Trent 1000-J2,19.9719,1.05898,1.27689,1.46856,13.6,0.46,False,0.04,0,0,,,-12.109,-8.90585,-7
Trent 1000-K2,19.9719,1.05898,1.27689,1.46856,13.6,0.46,False,0.04,0,0,,,-12.109,-8.90585,-7
Trent 1000-L2,20.1215,1.01804,1.20731,1.55224,14.74,0.49,False,0.06,0,0,,,-12.7145,-9.24444,-7
Trent 1000-AE3,20.6845,0.943298,1.17463,1.49452,13.86,0.435,True,,,,,,,,
Trent 1000-CE3,20.689,0.982205,1.22725,1.42428,12.46,0.43,True,,,,,,,,
Trent 1000 -D3,20.689,0.982205,1.22725,1.42428,12.46,0.43,True,,,,,,,,
Trent 1000-G3,20.6943,0.965034,1.20605,1.45719,13.08,0.435,True,,,,,,,,
Trent 1000-H3,20.5879,0.903882,1.11184,1.5774,15.56,0.44,True,,,,,,,,
Trent 1000-J3,20.6183,1.00796,1.2598,1.37908,11.6,0.395,True,,,,,,,,
Trent 1000 -K3,20.6183,1.00796,1.2598,1.37908,11.6,0.395,True,,,,,,,,
Trent 1000 -L3,20.689,0.982205,1.22725,1.42428,12.46,0.43,True,,,,,,,,
Trent 1000-M3,20.5966,1.02818,1.31675,1.38845,12.26,0.435,True,,,,,,,,
Trent 1000 -N3,20.5966,1.02818,1.31675,1.38845,12.26,0.435,True,,,,,,,,
Trent 1000 -P3,20.689,0.982205,1.22725,1.42428,12.46,0.43,True,,,,,,,,
Trent 1000-Q3,20.6183,1.00796,1.2598,1.37908,11.6,0.395,True,,,,,,,,
Trent 1000-R3,20.5003,1.04626,1.33379,1.36645,11.98,0.44,True,,,,,,,,
Trent7000-72,21.0389,1.05916,1.21581,1.41644,12.9,0.43,True,,,,,,,,
Trent7000-72C,21.0389,1.05916,1.21581,1.41644,12.9,0.43,True,,,,,,,,
Trent XWB-75,14.2531,1.04253,2.12791,1.97741,50.52,0.4,False,2.84,0,1.98,0.115891,5.21411,,,
Trent XWB-79B,14.1729,1.07203,2.27185,1.91211,46.74,0.395,False,2.44,0,2.129,0.162894,4.74673,,,
Trent XWB-79,14.1729,1.07203,2.27185,1.91211,46.74,0.395,False,2.44,0,2.129,0.162894,4.74673,,,
Trent XWB-84,14.0253,1.11045,2.48267,1.81715,42.92,0.39,False,2.06,0,2.306,0.227076,4.21227,,,
Trent XWB-97,13.1627,1.14222,2.1684,2.08412,38.18,0.585,False,1.78,0,0,,,-15.5912,-7.66096,-7
Trent 970-84,15.8681,0.88142,2.0009,1.48059,26.76,0.315,False,0.16,0.07,0,1.66786,-2.79827,,,
Trent 970B-84,15.8414,0.9135,2.0716,1.4343,25.3,0.32,False,0.14,0.045,0,1.60261,-2.76404,,,
Trent 972-84,15.8605,0.897058,2.03495,1.45763,26,0.315,False,0.14,0.06,0,1.57487,-2.71845,,,
Trent 972E-84,15.8605,0.897058,2.03495,1.45763,26,0.315,False,0.14,0.06,0,1.57487,-2.71845,,,
ALF 502L-2,24.0655,0.624883,0.0879664,2.53878,91.26,0.35,False,13.3,0.0215,0,6.4397e-05,6.68325,,,
ALF 502R-3,19.7658,0.5407,0.430851,1.62785,89.34,0.4665,False,13.02,0.0545,0,0.000110734,6.3128,,,
ALF 502R-5,22.5155,0.557326,0.414945,1.58701,81.86,0.275,False,10.78,0.0565,0,0.000125475,6.11327,,,
"LF507-1F, -1H",29.1139,0.697661,0.132643,2.2382,75.66,0.25,False,9.44,0.01,0,1.06079e-05,7.23419,,,
D-36 ser. 4A,38.7111,0.89014,0.337783,2.08834,41.4,0.45,False,10.8,0,0,,,-21.4494,-21.4937,-7
D-436-148 F1,34.109,0.989844,0.397574,2.03366,46.92,0.54,False,4.52,0.07,0,0.00327661,5.40134,,,
D-436-148 F2,33.7983,0.997581,0.398855,2.01678,39.12,0.44,False,2.78,0.07,0,0.0155144,4.38776,,,
