uid,name,type,manufacturer,bpr,pr,max_thrust,fuel_c3,fuel_c2,fuel_c1,cruise_thrust,cruise_sfc,curise_mach,curise_alt
1AS001,TFE731-2-2B,TF,Allied Signal,2.64,13.9,15600,0.10985392011988346,-0.17968659268209305,0.2754974053953361,,,,
1AS002,TFE731-3,TF,Allied Signal,2.64,14.3,16500,0.15942004833066853,-0.23964534684263716,0.3059077408208214,817.0,0.0232,0.8,40000.0
4AL003,AE3007A,MTF,Rolls-Royce Corporation,5.23,18.08,33730,0.23729438514908535,-0.3573270235853785,0.49891578930936525,,,,
6AL007,AE3007A1,MTF,Rolls-Royce Corporation,4.77,17.97,34910,0.20575079685949516,-0.28747668879951455,0.4660973176695493,,,,
6AL010,AE3007A1/1,MTF,Rolls-Royce Corporation,4.77,17.9,34740,0.20507757041522764,-0.28707938509173214,0.46426445907772945,,,,
6AL013,AE3007A1/3,MTF,Rolls-Royce Corporation,4.81,17.22,33050,0.1928965674837752,-0.2795385129634341,0.4473229057141637,,,,
6AL020,AE3007A1E,MTF,Rolls-Royce Corporation,4.72,19.06,37160,0.19897216090019876,-0.26973293538271503,0.4847334971283227,,,,
6AL016,AE3007A1P,MTF,Rolls-Royce Corporation,4.77,17.9,34740,0.20717680200155617,-0.29020934411973714,0.46539939351533854,,,,
10AL026,AE3007A2,MTF,Rolls-Royce Corporation,4.79,20.2,42230,0.2366370210554273,-0.3319532712629204,0.5633626090622388,,,,
6AL019,AE3007A3,MTF,Rolls-Royce Corporation,4.72,17.2,33000,0.1915762775627002,-0.2780961772357212,0.446594209553701,,,,
8AL025,AE3007C,MTF,Rolls-Royce Corporation,5.2,15.8,29620,0.17008396444364543,-0.261941009339206,0.39421215142794586,,,,
6AL024,AE3007C1,MTF,Rolls-Royce Corporation,5.1,16.58,31460,0.2011059066923201,-0.2993105058371151,0.42203773749103934,,,,
13AL027,AE3007C2,MTF,Rolls-Royce Corporation,4.99,17.44,32729,0.23569737320355005,-0.3443212723052169,0.437101720736574,,,,
1AA001,D-30,MTF,Aviadvigatel,0.85,18.4,66640,0.3771340179569993,-0.5858363261192772,1.363165738580489,,,,
1AA002,D-30KP-2,MTF,Aviadvigatel,2.2,19.45,117600,0.5227534307938799,-0.7776179767809597,1.9342215176670203,,,,
1AA003,D-30KU,MTF,Aviadvigatel,2.35,17.4,112700,0.846858697947571,-1.449999420146321,2.1318221242625306,,,,
1AA004,D-30KU-154,MTF,Aviadvigatel,2.3,17,107500,2.0311065574965603,-2.7459448751218463,2.143178737417722,,,,
13AA006,PS-90A,MTF,Aviadvigatel,4.48,30.8,154600,0.9844127282179435,-1.5746814444014314,2.125390391450633,,,,
13AA007,PS-90A1,MTF,Aviadvigatel,4.36,33.79,169700,1.2561214183561653,-1.8556951207557049,2.2565284285182465,,,,
13AA008,PS-90A2,MTF,Aviadvigatel,4.32,31.23,156950,1.6475368316059478,-2.5523294467523985,2.2875212676299057,,,,
4BR008,BR700-710A1-10,MTF,Rolls-Royce Deutschland,4.2,24.23,65610,0.4052548861406183,-0.5832654701277408,0.8944914935759536,,,,
4BR009,BR700-710A2-20,MTF,Rolls-Royce Deutschland,4.19,24.16,65610,0.40111726246699786,-0.5766020791646522,0.8929746894169215,,,,
6BR010,BR700-710C4-11,MTF,Rolls-Royce Deutschland,4.05,24.95,68770,0.3740622279372552,-0.4903213498683159,0.8662060487882153,,,,
4BR005,BR700-715A1-30,MTF,Rolls-Royce Deutschland,4.68,28.75,83230,0.4747497286716015,-0.636671978415724,0.9968899269747931,,,,
4BR006,BR700-715B1-30,MTF,Rolls-Royce Deutschland,4.6,30.58,89680,0.4600221068515534,-0.5852269794252642,1.0391480217427513,,,,
4BR007,BR700-715C1-30,MTF,Rolls-Royce Deutschland,4.54,32.15,95330,0.4994921721544586,-0.5996419980053154,1.0879305958550414,,,,
11BR011,BR-700-725A1-12,MTF,Rolls-Royce Deutschland,4.35,26.16,75700,0.3642534391479348,-0.4482664038825223,0.8760920809612109,,,,
1CM001,CFM56-2A,TF,CFM International,6.0,25.2,106760,0.6998997266125796,-0.9117036656317999,1.3307167613026394,,,,
1CM002,CFM56-2B-1,TF,CFM International,6.0,23.5,97860,0.7026581299809309,-1.0614277827371945,1.348383004619695,,,,
1CM003,CFM56-2-C5,TF,CFM International,6.0,23.5,97860,0.7026581299809309,-1.0614277827371945,1.348383004619695,,,,
1CM004,CFM56-3-B1,TF,CFM International,5.1,22.44,89410,0.4970221521795758,-0.7408121054361723,1.193843254169977,,,,
1CM005,CFM56-3B-2,TF,CFM International,5.1,24.1,98300,0.5238543628876365,-0.7323080464189888,1.268474090380853,,,,
1CM006,CFM56-3C-1,TF,CFM International,5.1,21.3,82290,0.5039605557315086,-0.7753811350430574,1.1475228484195172,,,,
1CM008,CFM56-5-A1,TF,CFM International,6.0,26.6,111200,0.4376369067576047,-0.5015714104738476,1.1179426368411192,,,,
1CM009,CFM56-5A3,TF,CFM International,6.0,27.9,117880,0.440627275916036,-0.4675930169865153,1.1609881403183637,5000.0,0.0169,0.8,35000.0
4CM035,CFM56-5A4,TF,CFM International,6.0,23.8,97890,0.44752596299073055,-0.5907388100545503,1.0431692727635338,5000.0,,0.8,35000.0
4CM036,CFM56-5A5,TF,CFM International,6.0,25.1,104530,0.4505378734313376,-0.558990729034585,1.0834124356693715,5000.0,,0.8,35000.0
2CM012,CFM56-5B1,TF,CFM International,5.7,30.2,133450,0.42727157076142736,-0.3965792052758943,1.3313694922152803,5840.0,0.0169,0.8,35000.0
2CM016,CFM56-5B1/2,TF,CFM International,5.7,30.2,133450,0.526490432112543,-0.5840320564784722,1.4065153472902023,,,,
3CM020,CFM56-5B1/2P,TF,CFM International,5.7,30.5,133500,0.6944912507904979,-0.8218762268594184,1.450050318094788,,,,
8CM052,CFM56-5B1/3,TF,CFM International,5.5,30.2,133400,0.5624622727496568,-0.540282829869225,1.2982812988948267,,,,
3CM023,CFM56-5B1/P,TF,CFM International,5.7,30.47,133450,0.42011429241795595,-0.38402942939532747,1.2617158731567373,,,,
2CM013,CFM56-5B2,TF,CFM International,5.6,31.3,137900,0.5168368247183805,-0.47186435022103634,1.3839290009092389,5840.0,0.0154,0.8,35000.0
2CM017,CFM56-5B2/2,TF,CFM International,5.7,31.2,137900,0.7593492441296633,-0.8333526518710453,1.483706643754854,,,,
4CM037,CFM56-5B2/2P,TF,CFM International,5.6,31.6,137900,0.9726816266495985,-1.1808729385115178,1.6009879775548654,,,,
8CM053,CFM56-5B2/3,TF,CFM International,5.5,31.3,137900,0.6590715468454811,-0.6203102147435269,1.3485606089262145,,,,
3CM024,CFM56-5B2/P,TF,CFM International,5.6,31.57,137900,0.5530348856103404,-0.5134250611589233,1.3240978292966732,,,,
4CM038,CFM56-5B3/2P,TF,CFM International,5.6,32.8,142400,1.2161754369739768,-1.422427187706244,1.678530798606566,,,,
8CM054,CFM56-5B3/3,TF,CFM International,5.4,32.6,142300,0.8174954342494408,-0.7652311237336779,1.411845439007927,,,,
3CM025,CFM56-5B3/P,TF,CFM International,5.6,32.78,142350,0.6871094138587805,-0.6341905714859837,1.3796283828160987,,,,
2CM014,CFM56-5B4,TF,CFM International,5.9,27.1,117900,0.4107323821147696,-0.4657501360241133,1.223825188523911,5000.0,0.0154,0.8,35000.0
2CM018,CFM56-5B4/2,TF,CFM International,5.7,27.1,117900,0.4947638686889796,-0.6152741209562507,1.3044016813917723,,,,
3CM021,CFM56-5B4/2P,TF,CFM International,5.9,27.7,120100,0.4896840320054233,-0.6838660825346384,1.3377153821922352,,,,
8CM055,CFM56-5B4/3,TF,CFM International,5.7,27.3,120100,0.39380852274913664,-0.42668662784434747,1.1774535646039288,,,,
3CM026,CFM56-5B4/P,TF,CFM International,5.9,27.69,120110,0.34712404599296254,-0.3675259433265657,1.1553686961710086,,,,
8CM056,CFM56-5B5/3,TF,CFM International,6.0,23.1,97900,0.38098227748257096,-0.5177105118677053,1.0333678481204405,,,,
3CM027,CFM56-5B5/P,TF,CFM International,5.9,23.33,97890,0.35692995219871243,-0.47766992753938536,1.014752162475687,,,,
2CM019,CFM56-5B6/2,TF,CFM International,5.7,24.8,104500,0.6283907499032997,-0.9368118548595267,1.3092588204360092,,,,
3CM022,CFM56-5B6/2P,TF,CFM International,6.0,24.6,104500,0.5667061657383212,-0.8742195045518664,1.2804385877048383,,,,
8CM057,CFM56-5B6/3,TF,CFM International,5.9,24.3,104500,0.37474693858530395,-0.4797340932938279,1.0726348270801938,,,,
3CM028,CFM56-5B6/P,TF,CFM International,6.0,24.64,104530,0.3419333505215344,-0.4299159316071365,1.0520142389656066,,,,
8CM058,CFM56-5B7/3,TF,CFM International,5.7,27.3,120100,0.39380852274913664,-0.42668662784434747,1.1774535646039288,,,,
6CM044,CFM56-5B7/P,TF,CFM International,5.9,27.69,120110,0.34712404599296254,-0.3675259433265657,1.1553686961710086,,,,
8CM059,CFM56-5B8/3,TF,CFM International,6.0,22.7,96100,0.3911048490317751,-0.538373875421274,1.0248718632102674,,,,
7CM048,CFM56-5B8/P,TF,CFM International,5.9,22.6,94700,0.3961449224626554,-0.5583586180961293,1.0400596846623507,,,,
7CM050,CFM56-5B9/2P,TF,CFM International,5.9,24.4,102200,0.515893946978254,-0.7541739842382614,1.2021940807444143,,,,
8CM060,CFM56-5B9/3,TF,CFM International,5.9,24.2,103600,0.38033287647166086,-0.49512389212223384,1.0734407294936643,,,,
7CM049,CFM56-5B9/P,TF,CFM International,5.9,24,102200,0.38074936136327264,-0.5119945156968341,1.0881404723152008,,,,
1CM010,CFM56-5C2,MTF,CFM International,6.8,28.8,138780,0.41288386235788854,-0.4152202079626155,1.313618133737882,6915.0,0.0154,0.8,35000.0
7CM045,CFM56-5C2/P,MTF,CFM International,6.8,28.2,137610,0.3161139386356079,-0.29681683613836507,1.2355561985566401,,,,
1CM011,CFM56-5C3,MTF,CFM International,6.7,29.9,144570,0.37391966237559593,-0.3401367167918042,1.3425491064368869,6910.0,0.0154,0.8,35000.0
7CM046,CFM56-5C3/P,MTF,CFM International,6.7,29.2,143330,0.3271321124527368,-0.28208652999473677,1.273836947258705,,,,
2CM015,CFM56-5C4,MTF,CFM International,6.6,31.15,151250,0.39284533768051966,-0.3229793004372361,1.3895045931993626,7100.0,0.0154,0.8,35000.0
7CM047,CFM56-5C4/P,MTF,CFM International,6.6,30.5,149900,0.3780879348820661,-0.3058897003682758,1.3256214177309746,,,,
3CM029,CFM56-7B18,TF,CFM International,5.5,21.59,86740,0.4130599660342011,-0.6057156124625492,1.0498058995148547,5420.0,,0.8,35000.0
8CM061,CFM56-7B18/3,TF,CFM International,5.5,21.4,86700,0.4074117599960202,-0.5897659591868307,1.0270875365801113,,,,
3CM030,CFM56-7B20,TF,CFM International,5.4,22.61,91630,0.4248234145250326,-0.6031191325492224,1.0944291815602087,5450.0,0.0179,0.8,35000.0
4CM039,CFM56-7B20/2,TF,CFM International,5.4,22.77,91630,0.4636745356303817,-0.686871201481483,1.1293246723915933,,,,
8CM062,CFM56-7B20/3,TF,CFM International,5.5,22.4,91600,0.39597979352040363,-0.5543839774091113,1.0571051470224853,,,,
11CM067,CFM56-7B20E,TF,CFM International,5.5,22.4,91600,0.39597979352040363,-0.5543839774091113,1.0571051470224853,,,,
3CM031,CFM56-7B22,TF,CFM International,5.3,24.41,100970,0.47282970860508355,-0.6243827532625192,1.1756153108228118,5450.0,,0.8,35000.0
4CM040,CFM56-7B22/2,TF,CFM International,5.3,24.61,100970,0.4784999824738557,-0.6708548727250865,1.2032131094859637,,,,
8CM063,CFM56-7B22/3,TF,CFM International,5.3,24.2,101000,0.39943461873248787,-0.514626038937184,1.121924276648731,,,,
11CM068,CFM56-7B22E,TF,CFM International,5.3,24.2,101000,0.39943461873248787,-0.514626038937184,1.121924276648731,,,,
11CM069,CFM56-7B22E/B1,TF,CFM International,5.3,24.2,101000,0.39943461873248787,-0.514626038937184,1.121924276648731,,,,
3CM032,CFM56-7B24,TF,CFM International,5.2,25.78,107650,0.4708189534238153,-0.5909102883182226,1.2261890621309848,5480.0,0.0178,0.8,35000.0
4CM041,CFM56-7B24/2,TF,CFM International,5.2,25.95,107650,0.4337878216911748,-0.5504558241842286,1.2088883836162243,,,,
8CM064,CFM56-7B24/3,TF,CFM International,5.3,25.6,107600,0.43026555399064575,-0.5187776100840602,1.177261198434035,,,,
11CM070,CFM56-7B24E,TF,CFM International,5.3,25.6,107600,0.43026555399064575,-0.5187776100840602,1.177261198434035,,,,
11CM071,CFM56-7B24E/B1,TF,CFM International,5.3,25.6,107600,0.43026555399064575,-0.5187776100840602,1.177261198434035,,,,
8CM051,CFM56-7B26,TF,CFM International,5.1,27.61,116990,0.5109587682758966,-0.5780833219367054,1.2911476852879398,5480.0,,0.8,35000.0
4CM042,CFM56-7B26/2,TF,CFM International,5.1,27.8,116990,0.45882546729407536,-0.5197017224645923,1.2670688981045504,,,,
8CM065,CFM56-7B26/3,TF,CFM International,5.1,27.7,117000,0.5356897091205846,-0.5825885044018857,1.262564847984775,,,,
11CM072,CFM56-7B26E,TF,CFM International,5.1,27.7,117000,0.5356897091205846,-0.5825885044018857,1.262564847984775,,,,
11CM073,CFM56-7B26E/B1,TF,CFM International,5.1,27.7,117000,0.5356897091205846,-0.5825885044018857,1.262564847984775,,,,
11CM074,CFM56-7B26E/B2,TF,CFM International,5.1,27.7,117000,0.5356897091205846,-0.5825885044018857,1.262564847984775,,,,
11CM076,CFM56-7B26E/B2F,TF,CFM International,5.1,27.7,117000,0.5356897091205846,-0.5825885044018857,1.262564847984775,,,,
11CM075,CFM56-7B26E/F,TF,CFM International,5.1,27.7,117000,0.5356897091205846,-0.5825885044018857,1.262564847984775,,,,
3CM034,CFM56-7B27,TF,GE,5.0,28.63,121440,0.578899067855553,-0.6288235210415132,1.336949877539964,,,,
4CM043,CFM56-7B27/2,TF,GE,5.0,28.84,121440,0.5467577685414865,-0.6210337883014071,1.3421351842707876,,,,
8CM066,CFM56-7B27/3,TF,CFM International,5.1,29,121400,0.7391511017333732,-0.7849817989529105,1.3411879806918856,,,,
11CM080,CFM56-7B27AE,TF,CFM International,5.1,29,121400,0.7391511017333732,-0.7849817989529105,1.3411879806918856,,,,
11CM077,CFM56-7B27E,TF,CFM International,5.1,29,121400,0.7391511017333732,-0.7849817989529105,1.3411879806918856,,,,
11CM078,CFM56-7B27E/B1,TF,CFM International,5.1,29,121400,0.7391511017333732,-0.7849817989529105,1.3411879806918856,,,,
11CM082,CFM56-7B27E/B1F,TF,CFM International,5.1,29,121400,0.7391511017333732,-0.7849817989529105,1.3411879806918856,,,,
11CM079,CFM56-7B27E/B3,TF,CFM International,5.1,29,121400,0.7391511017333732,-0.7849817989529105,1.3411879806918856,,,,
11CM081,CFM56-7B27E/F,TF,CFM International,5.1,29,121400,0.7391511017333732,-0.7849817989529105,1.3411879806918856,,,,
17CM082,LEAP-1A26/26E1,TF,CFM International,11.1,33.4,120600,0.37513890747991013,-0.4644766137105127,0.9471894487269078,,,,
18CM084,LEAP-1B28,TF,CFM International,8.6,41.5,130400,0.39771762361282403,-0.3722311157441338,1.0387397899629607,,,,
18CM085,LEAP-1B28B2,TF,CFM International,8.6,41.5,130400,0.39771762361282403,-0.3722311157441338,1.0387397899629607,,,,
18CM086,LEAP-1B27,TF,CFM International,8.5,39.92,124700,0.3906199693531327,-0.3934829263485001,1.0080005485248889,,,,
18CM087,LEAP-1B25,TF,CFM International,8.4,38.4,119200,0.40328321709844817,-0.43744952311006924,0.9832967657112203,,,,
9EA001,GP7270,TF,Engine Alliance,8.71,36.62,332390,0.7805843533248138,-0.7394309632280098,2.602446640694363,12633.0,,0.85,35000.0
11GE140,CF34-10A16,TF,GE Aircraft Engines,5.7,25.1,76900,0.36170127053769074,-0.46649834222967357,0.8726763748027788,,,,
11GE141,CF34-10A18,TF,GE Aircraft Engines,5.4,26.5,82100,0.3206380437523658,-0.38955357850349337,0.8978990646880869,,,,
8GE114,CF34-10E2A1,TF,GE Aircraft Engines,5.09,25.1,75440,0.3174960852593923,-0.41900046357903004,0.8734706093682468,,,,
8GE115,CF34-10E5,TF,GE Aircraft Engines,5.09,25.6,77400,0.30957682136485304,-0.3998233057486403,0.8852230108053434,,,,
8GE117,CF34-10E5A1,TF,GE Aircraft Engines,5.09,27.3,83700,0.3335457096290014,-0.3977010154831838,0.9380461687439117,,,,
8GE116,CF34-10E6,TF,GE Aircraft Engines,5.09,25.6,77400,0.30957682136485304,-0.3998233057486403,0.8852230108053434,,,,
8GE118,CF34-10E6A1,TF,GE Aircraft Engines,5.09,27.3,83700,0.3335457096290014,-0.3977010154831838,0.9380461687439117,,,,
8GE119,CF34-10E7,TF,GE Aircraft Engines,5.09,27.3,83700,0.3335457096290014,-0.3977010154831838,0.9380461687439117,,,,
11GE147,CF34-10E7-B,TF,GE Aircraft Engines,5.09,27.2,83700,0.33420661010863906,-0.3787524691620139,0.9175967925724404,,,,
1GE034,CF34-3A,TF,GE Aircraft Engines,6.25,19.7,41010,0.2667190441541127,-0.3626348828372295,0.5048231954705181,,,,
1GE035,CF34-3A1,TF,GE Aircraft Engines,6.25,19.7,41010,0.2667190441541127,-0.3626348828372295,0.5048231954705181,,,,
5GE084,CF34-3B,TF,GE Aircraft Engines,6.25,19.3,41010,0.2464210975222944,-0.3338449744863484,0.4884683969229321,,,,
6GE096,CF34-8C1,TF,GE Aircraft Engines,5.13,22.15,56360,0.5930175530123449,-0.7512331072451094,0.7686046018971503,,,,
8GE110,CF34-8C5,TF,GE Aircraft Engines,5.13,23.09,59420,0.29697973804892874,-0.34491177348743784,0.6979332878487472,,,,
8GE107,CF34-8C5A1,TF,GE Aircraft Engines,5.13,23.49,60620,0.3080312821165613,-0.3540161354153392,0.712984577948088,,,,
8GE104,CF34-8C5A2,TF,GE Aircraft Engines,5.13,24.12,62490,0.3134968696631467,-0.34773067533695246,0.7272299601206083,,,,
8GE103,CF34-8C5A3,TF,GE Aircraft Engines,5.13,24.82,64530,0.3153108509968754,-0.33123262271518034,0.7389298318026177,,,,
8GE112,CF34-8C5B1,TF,GE Aircraft Engines,5.13,22.08,56350,0.30145477281192234,-0.37339225382826835,0.6799858953631784,,,,
8GE113,CF34-8E2,TF,GE Aircraft Engines,5.13,21.71,55190,0.3008817478988971,-0.3791008271275056,0.6712246127506769,,,,
8GE111,CF34-8E2A1,TF,GE Aircraft Engines,5.13,23,59150,0.30063134012104253,-0.3551243581509649,0.7004787946359814,,,,
8GE108,CF34-8E5,TF,GE Aircraft Engines,5.13,23.18,59680,0.29918302348992404,-0.34639794758794823,0.7011896933618533,,,,
8GE105,CF34-8E5A1,TF,GE Aircraft Engines,5.13,24.12,62490,0.3134968696631467,-0.34773067533695246,0.7272299601206083,,,,
8GE102,CF34-8E5A2,TF,GE Aircraft Engines,5.13,24.82,64530,0.3153108509968754,-0.33123262271518034,0.7389298318026177,,,,
8GE109,CF34-8E6,TF,GE Aircraft Engines,5.13,23.18,59680,0.29918302348992404,-0.34639794758794823,0.7011896933618533,,,,
8GE106,CF34-8E6A1,TF,GE Aircraft Engines,5.13,24.12,62490,0.3134968696631467,-0.34773067533695246,0.7272299601206083,,,,
3GE067,CF6-45A,TF,GE Aircraft Engines,4.3,25.38,202800,0.8136201479871473,-1.004647688824618,2.2194961064612304,11250.0,0.0178,0.8,35000.0
3GE068,CF6-45A2,TF,GE Aircraft Engines,4.3,25.38,202800,0.8136201479871473,-1.004647688824618,2.2194961064612304,11250.0,0.0178,0.8,35000.0
3GE069,CF6-50A,TF,GE Aircraft Engines,4.3,26.88,215300,0.6427082882083193,-0.7306661068556506,2.256959190576742,,,,
3GE070,CF6-50C,TF,GE Aircraft Engines,4.3,27.76,224200,0.5913073971548638,-0.5759076408803198,2.266433708660928,11100.0,0.0186,0.8,35000.0
3GE073,CF6-50C1,TF,GE Aircraft Engines,4.3,28.44,230400,0.5825885273527995,-0.5468238949732553,2.3255571643023396,11555.0,0.0186,0.8,35000.0
1GE007,"CF6-50C1, -C2",TF,GE Aircraft Engines,4.3,29.8,230400,1.549032619679268,-1.6790639614195977,2.621716780864031,,,,
3GE074,CF6-50C2,TF,GE Aircraft Engines,4.3,28.44,230400,0.5825885273527995,-0.5468238949732553,2.3255571643023396,11555.0,0.0178,0.8,35000.0
3GE078,CF6-50C2B,TF,GE Aircraft Engines,4.3,29.06,236700,0.30007418987307216,-0.13558607899810193,2.2462680817339633,11555.0,0.0178,0.8,35000.0
3GE072,CF6-50C2R,TF,GE Aircraft Engines,4.3,27.76,224200,0.5913073971548638,-0.5759076408803198,2.266433708660928,,,,
3GE071,CF6-50CA,TF,GE Aircraft Engines,4.3,27.76,224200,0.5913073971548638,-0.5759076408803198,2.266433708660928,,,,
3GE075,CF6-50E,TF,GE Aircraft Engines,4.3,28.44,230400,0.5825885273527995,-0.5468238949732553,2.3255571643023396,11555.0,0.0186,0.8,35000.0
3GE076,CF6-50E1,TF,GE Aircraft Engines,4.3,28.44,230400,0.5825885273527995,-0.5468238949732553,2.3255571643023396,11555.0,0.0186,0.8,35000.0
3GE077,CF6-50E2,TF,GE Aircraft Engines,4.3,28.44,230400,0.5825885273527995,-0.5468238949732553,2.3255571643023396,11555.0,0.0178,0.8,35000.0
3GE079,CF6-50E2B,TF,GE Aircraft Engines,4.3,29.06,236700,0.30007418987307216,-0.13558607899810193,2.2462680817339633,11730.0,0.0178,0.8,35000.0
1GE001,CF6-6D,TF,GE Aircraft Engines,5.9,24.7,174800,0.6862054580832236,-0.805306530691364,1.860634513265031,9080.0,0.0183,0.8,35000.0
1GE002,CF6-6D1A,TF,GE Aircraft Engines,5.9,25.4,181900,0.5157785513039954,-0.53068550057096,1.8329013417499889,9220.0,0.0183,0.8,35000.0
1GE003,CF6-6K,TF,GE Aircraft Engines,5.9,24.7,174800,0.6862054580832236,-0.805306530691364,1.860634513265031,,,,
1GE004,CF6-6K2,TF,GE Aircraft Engines,5.9,25.4,181900,0.5157785513039954,-0.53068550057096,1.8329013417499889,,,,
1GE010,CF6-80A,TF,GE Aircraft Engines,5.0,29,208800,0.19657201616014774,-0.1295681757172602,2.0786019720801314,11045.0,0.0176,0.8,35000.0
1GE011,CF6-80A1,TF,GE Aircraft Engines,5.0,29,209000,0.19657201616014774,-0.1295681757172602,2.0786019720801314,11045.0,0.0176,0.8,35000.0
1GE012,CF6-80A2,TF,GE Aircraft Engines,5.0,30.1,216500,0.14287728895503846,-0.019805193479499154,2.131032644455859,11045.0,0.0176,0.8,35000.0
1GE013,CF6-80A3,TF,GE Aircraft Engines,5.0,30.1,217800,0.14287728895503846,-0.019805193479499154,2.131032644455859,11045.0,0.0176,0.8,35000.0
2GE036,CF6-80C2A1,TF,GE Aircraft Engines,5.1,30.53,257399,0.9286085232105556,-0.8736432594368886,2.402435047086257,11810.0,0.0163,0.8,35000.0
2GE037,CF6-80C2A2,TF,GE Aircraft Engines,5.1,27.79,233350,0.6888934537579287,-0.7126917979477871,2.180892517153937,11330.0,0.0164,0.8,35000.0
2GE038,CF6-80C2A3,TF,GE Aircraft Engines,5.1,31.09,262220,0.886981994087969,-0.7830330423559436,2.4165212351851832,11340.0,0.0163,0.8,35000.0
2GE039,CF6-80C2A5,TF,GE Aircraft Engines,5.1,31.66,267340,0.8095652267892097,-0.6411787986477933,2.4162453136468396,,,,
3GE056,CF6-80C2A5F,TF,GE Aircraft Engines,5.1,32.88,271880,1.325521556266028,-1.3352686879031295,2.6446462964574957,,,,
2GE040,CF6-80C2A8,TF,GE Aircraft Engines,5.1,30.45,257370,0.849757411832759,-0.7856454017913612,2.3843910294233313,,,,
2GE041,CF6-80C2B1,TF,GE Aircraft Engines,5.1,29.53,249010,0.6543550735011551,-0.585356460594914,2.27582557494765,12820.0,0.0163,0.8,35000.0
2GE045,CF6-80C2B1F,TF,GE Aircraft Engines,5.1,30.13,254260,0.7157962706132297,-0.6378399660809845,2.3485266643683937,12820.0,0.016,0.8,35000.0
2GE042,CF6-80C2B2,TF,GE Aircraft Engines,5.1,27.53,231080,0.5950351283082883,-0.6073945356481667,2.1414864301057106,12000.0,0.0163,0.8,35000.0
2GE046,CF6-80C2B2F,TF,GE Aircraft Engines,5.1,27.6,231350,0.5685160039585591,-0.5707402099090729,2.1549786782909077,,,,
2GE043,CF6-80C2B4,TF,GE Aircraft Engines,5.1,30.14,254350,0.7941376376286454,-0.7210258540777594,2.3407212703854388,,,,
2GE047,CF6-80C2B4F,TF,GE Aircraft Engines,5.1,30.22,254790,0.8034087367030468,-0.7356155337986704,2.3685756244512373,,,,
3GE057,CF6-80C2B5F,TF,GE Aircraft Engines,5.1,32.82,272530,1.030919162985772,-0.8850121085746587,2.5429176021054145,,,,
2GE044,CF6-80C2B6,TF,GE Aircraft Engines,5.1,31.66,267200,0.8095652267892097,-0.6411787986477933,2.4162453136468396,,,,
2GE048,CF6-80C2B6F,TF,GE Aircraft Engines,5.1,31.72,267030,0.8748286312431863,-0.7438786121534028,2.4670744892718255,,,,
2GE055,CF6-80C2B7F,TF,GE Aircraft Engines,5.1,31.72,267030,0.8748286312431863,-0.7438786121534028,2.4670744892718255,,,,
8GE101,CF6-80C2B8F,TF,GE Aircraft Engines,5.1,31.37,267000,0.7829738856703901,-0.6581859730913588,2.4624679111963057,,,,
3GE058,CF6-80C2B8FA,TF,GE Aircraft Engines,5.1,31.71,267020,0.8513984239959556,-0.7275381055377457,2.4852426711073208,,,,
2GE049,CF6-80C2D1F,TF,GE Aircraft Engines,5.1,32.05,269960,0.945578502113089,-0.8142309265141143,2.501664869200419,,,,
2GE050,CF6-80E1A1,TF,GE Aircraft Engines,5.1,32.46,281530,0.9296559002500546,-0.838255768525888,2.6161799263873524,,,,
2GE051,CF6-80E1A2,TF,GE Aircraft Engines,5.1,33.1,287040,0.9770900755772124,-0.8541474202047905,2.649604142443324,,,,
5GE085,CF6-80E1A3,TF,GE Aircraft Engines,5.1,35.7,304800,1.265573476896345,-1.0429899660211241,2.7709268076999587,,,,
4GE081,CF6-80E1A4,TF,GE Aircraft Engines,5.1,34.5,297440,1.1014070459710688,-0.9052583614987404,2.712774504021321,,,,
7GE097,GE90-110B1,TF,GE Aircraft Engines,7.34,39.73,492600,1.7719317843426845,-1.4581732079596077,4.017639604759918,,,,
7GE098,GE90-113B,TF,GE Aircraft Engines,7.17,41.21,504900,2.432324624844363,-2.1521490797511733,4.260762812280999,,,,
7GE099,GE90-115B,TF,GE Aircraft Engines,7.08,42.24,513900,2.790323987624173,-2.470848725366033,4.380631642400222,,,,
9GE124,GE90-76B,TF,GE Aircraft Engines,8.53,35.5,363220,1.0400559955841655,-1.0042966763335017,2.768465779532544,17500.0,0.0154,0.83,35000.0
9GE125,GE90-77B,TF,GE Aircraft Engines,8.52,35.8,366750,1.0305064497577068,-0.9779247407926177,2.7857230487178004,,,,
9GE126,GE90-85B,TF,GE Aircraft Engines,8.41,38.16,397210,0.935893554147792,-0.7076607027135347,2.9111826541790933,17500.0,0.0147,0.83,35000.0
9GE127,GE90-90B,TF,GE Aircraft Engines,8.36,39.85,419250,1.10826942985359,-0.7999692349257,3.0798268456202353,,,,
3GE066,GE90-92B,TF,GE Aircraft Engines,8.33,40.6,426720,1.418653442578094,-1.3240491984606084,3.4287662756968653,,,,
9GE128,GE90-94B,TF,GE Aircraft Engines,8.33,40.82,430920,1.2012455908198076,-0.8421164569754436,3.1618108235713684,,,,
11GE134,GEnx-1B54,TF,GE Aircraft Engines,9.4,35.2,255300,0.6569785714799692,-0.7553646380408477,1.9822131007552029,,,,
11GE135,GEnx-1B58,TF,GE Aircraft Engines,9.2,37.2,271300,0.6416014933153208,-0.681332939922892,2.0645440510756576,,,,
11GE136,GEnx-1B64,TF,GE Aircraft Engines,9.0,40.6,298000,0.6446172424709516,-0.5704153477324275,2.1965171074916183,,,,
11GE137,GEnx-1B67,TF,GE Aircraft Engines,8.9,41.9,308700,0.676472010609691,-0.563635524669557,2.260817315287507,,,,
11GE138,GEnx-1B70,TF,GE Aircraft Engines,8.8,43.5,321600,0.7074515757151119,-0.5424208366041035,2.3345897364818846,,,,
11GE139,GEnx-2B67,TF,GE Aircraft Engines,8.0,42.4,299800,1.0027967478164648,-1.2082301106447,2.660658861989302,,,,
12GE148,GEnx-1B54/P1,TF,GE Aircraft Engines,9.4,35.1,255300,0.7282651460186691,-0.8991102946048497,2.070331375632099,,,,
12GE149,GEnx-1B58/P1,TF,GE Aircraft Engines,9.2,37.1,271300,0.6977508248462907,-0.8054780334877893,2.147114980544161,,,,
12GE150,GEnx-1B64/P1,TF,GE Aircraft Engines,9.0,40.5,298000,0.7171350032250089,-0.7227454949325882,2.2899491763650763,,,,
12GE151,GEnx-1B67/P1,TF,GE Aircraft Engines,8.9,41.9,308700,0.7531274549045768,-0.72262913920625,2.3557662062626514,,,,
12GE152,GEnx-1B70/P1,TF,GE Aircraft Engines,8.8,43.5,321600,0.7753457604851528,-0.6916368791120462,2.4275337287188963,,,,
12GE153,GEnx-1B70/72/P1,TF,GE Aircraft Engines,8.8,43.5,321600,0.7753457604851528,-0.6916368791120462,2.4275337287188963,,,,
12GE154,GEnx-1B70/75/P1,TF,GE Aircraft Engines,8.8,43.5,321600,0.7753457604851528,-0.6916368791120462,2.4275337287188963,,,,
12GE155,GEnx-1B74/75/P1,TF,GE Aircraft Engines,8.8,46,341200,0.8878843035913639,-0.7286895487755658,2.555828072620812,,,,
12GE156,GEnx-1B75/P1,TF,GE Aircraft Engines,8.8,46.5,345200,0.9138306149448786,-0.736205105058737,2.581306948387096,,,,
13GE157,GEnx-2B67B,TF,GE Aircraft Engines,8.0,42.4,299800,1.0027967478164648,-1.2082301106447,2.660658861989302,,,,
17GE170,GEnx-1B54/P2,TF,GE Aircraft Engines,9.39,35.5,255300,0.8061659732355584,-0.9919115736775814,2.0732156696459416,,,,
17GE171,GEnx-1B58/P2,TF,GE Aircraft Engines,9.24,37.5,271300,0.7700553190961872,-0.8784967668830346,2.138301632884165,,,,
17GE172,GEnx-1B64/P2,TF,GE Aircraft Engines,9.01,40.9,298000,0.7500638699167028,-0.7233627487356251,2.2522347218323775,,,,
17GE173,GEnx-1B67/P2,TF,GE Aircraft Engines,8.92,42.2,308700,0.7695409972650736,-0.6982664029217267,2.310753820347556,,,,
17GE174,GEnx-1B70/72/P2,TF,GE Aircraft Engines,8.81,43.9,321600,0.7858693024651267,-0.6539018963521694,2.3779501714723645,,,,
17GE175,GEnx-1B70/75/P2,TF,GE Aircraft Engines,8.81,43.9,321600,0.7858693024651267,-0.6539018963521694,2.3779501714723645,,,,
17GE176,GEnx-1B70/P2,TF,GE Aircraft Engines,8.81,43.9,321600,0.7858693024651267,-0.6539018963521694,2.3779501714723645,,,,
17GE177,GEnx-1B74/75/P2,TF,GE Aircraft Engines,8.65,46.4,341200,0.831042333465558,-0.6123446379720594,2.4912023276905177,,,,
17GE178,GEnx-1B75/P2,TF,GE Aircraft Engines,8.62,47,345200,0.8265673097223356,-0.58386417318093,2.5091497239104745,,,,
17GE179,GEnx-1B76/P2,TF,GE Aircraft Engines,8.59,47.5,349200,0.8396147666452007,-0.5749388041348094,2.531106906511863,,,,
17GE180,GEnx-1B76A/P2,TF,GE Aircraft Engines,8.59,47.5,349200,0.8396147666452007,-0.5749388041348094,2.531106906511863,,,,
17GE181,GEnx-2B67/P,TF,GE Aircraft Engines,8.03,43.55,299810,0.7327056484436311,-0.6163506008068269,2.3435483128528958,,,,
11HN003,HTF7000,MTF,Honeywell,4.2,21.95,30620,0.24023674086866553,-0.34599873534540565,0.45488739153198765,,,,
11HN005,HTF7250G,MTF,Honeywell,4.2,22.58,32860,0.22523131129152632,-0.30653820691387423,0.455524052215436,,,,
14HN009,HTF7350,MTF,Honeywell,4.2,22.88,33000,0.21471767321989105,-0.29005177440491026,0.45046478315555294,,,,
14HN008,HTF7500E,MTF,Honeywell,4.2,23.57,33830,0.23843422725307406,-0.32096157973953576,0.4628110146050636,,,,
18HN010,HTF7700L,MTF,Honeywell,4.2,23.29,34030,0.21133502745144506,-0.27614815960746575,0.45291529044544976,,,,
1IA001,V2500-A1,MTF,International Aero Engines,5.3,29.8,111200,0.5788754335721432,-0.8164358892120184,1.3545056501274284,,,,
10IA011,V2522-A5,MTF,International Aero Engines,4.9,25.7,102500,0.6384933323059357,-0.9982531487339856,1.335684291313909,,,,
10IA012,V2524-A5,MTF,International Aero Engines,4.8,27,108900,0.685084642976493,-1.034624981697399,1.3943518524481453,,,,
1IA002,V2525-D5,MTF,International Aero Engines,4.82,27.2,111200,0.5584314196835469,-0.8169946142305285,1.31630774845117,,,,
10IA013,V2527-A5,MTF,International Aero Engines,4.8,27.1,110300,0.7046284622480882,-1.0571979090039278,1.4064120199833026,,,,
10IA014,V2527-A5E,MTF,International Aero Engines,4.8,27.1,110300,0.7046284622480882,-1.0571979090039278,1.4064120199833026,,,,
10IA015,V2527-A5M,MTF,International Aero Engines,4.8,27.1,110300,0.7046284622480882,-1.0571979090039278,1.4064120199833026,,,,
8IA010,V2527E-A5,MTF,International Aero Engines,4.82,27.2,111200,0.5584314196835469,-0.8169946142305285,1.31630774845117,,,,
8IA009,V2527M-A5,MTF,International Aero Engines,4.82,27.2,111200,0.5584314196835469,-0.8169946142305285,1.31630774845117,,,,
1IA004,V2528-D5,MTF,International Aero Engines,4.66,30,124500,0.6662399561544889,-0.8918406370434626,1.4390744741891939,,,,
10IA016,V2530-A5,MTF,International Aero Engines,4.6,32,133000,0.8940398979368459,-1.1836912891941196,1.619095340393429,,,,
10IA017,V2533-A5,MTF,International Aero Engines,4.5,33.7,140600,1.1328670009711708,-1.4176707398246167,1.7217547459102842,,,,
14IA018,V2531-E5,MTF,International Aero Engines,4.52,32.3,134800,0.9332295382536426,-1.2433325447807229,1.6432584073840457,,,,
1KK002,NK-8-2U,MTF,KKBM,1.24,10.8,103000,2.799602213573976,-3.839660047582945,2.795104564754772,,,,
1KK003,NK-86,MTF,KKBM,1.33,13.4,127530,5.123603734738864,-6.008748042466613,3.2860605904002567,,,,
1KK004,NK-86A,MTF,KKBM,1.13,13.2,130470,1.043782844916542,-1.4220656660112292,2.436778677604808,,,,
1KK005,NK-86MA,MTF,KKBM,1.13,13.2,130470,1.043782844916542,-1.4220656660112292,2.436778677604808,,,,
11PJ001,SaM146-1S17,MTF,PowerJet S.A.,4.44,21.85,69210,0.4605756804378613,-0.6182664561814563,0.952659743426271,,,,
11PJ002,SaM146-1S18,MTF,PowerJet S.A.,4.38,22.8,72670,0.486158116002662,-0.628845352432249,0.9877265759153049,,,,
1PW035,JT15D-1,TF,Pratt & Whitney (Canada),3.3,9.76,9790,0.14245292621053535,-0.23096860018324986,0.23740840385925477,,,,
1PW036,JT15D-4,TF,Pratt & Whitney (Canada),2.68,10.1,11120,0.15409830790776208,-0.2548052455311886,0.2713993467751678,,,,
1PW037,"JT15D-5, -5A, -5B",TF,Pratt & Whitney (Canada),2.1,12.3,12900,0.14707885212555538,-0.2318401487156611,0.29139175911074944,,,,
1PW038,JT15D-5C,TF,Pratt & Whitney (Canada),2.1,13.3,14190,0.13310822160549327,-0.20478707296660126,0.2877850277084474,,,,
1PW001,JT3D-3B,TF,Pratt & Whitney,1.4,13.6,80060,1.1505149520460047,-1.529777323035254,1.55722063399892,,,,
1PW003,JT3D-7,TF,Pratt & Whitney,1.4,13.4,84520,0.7686566763263021,-1.1021737655544233,1.5901277245135412,,,,
1PW008,JT8D-11,MTF,Pratt & Whitney,1.0,17.17,66720,0.9196121719777223,-1.2756673050958875,1.482753190383031,4750.0,0.0228,0.8,30000.0
1PW010,JT8D-15,MTF,Pratt & Whitney,1.03,16.81,68940,1.064891765634432,-1.412055213294755,1.5307963753602765,4920.0,0.0229,0.8,30000.0
1PW011,JT8D-15A,MTF,Pratt & Whitney,1.08,16.45,68940,0.9193711411958014,-1.176848844353846,1.3780021544180037,4920.0,0.0229,0.8,30000.0
1PW013,JT8D-17,MTF,Pratt & Whitney,1.02,17.01,71170,1.0600390789340521,-1.3707187564527519,1.5609998372806846,5140.0,0.0231,0.8,30000.0
1PW014,JT8D-17A,MTF,Pratt & Whitney,1.05,16.87,71170,1.0519779000188114,-1.3481384479568528,1.4743204051015482,5140.0,0.0219,0.8,30000.0
1PW015,JT8D-17AR,MTF,Pratt & Whitney,0.96,17.28,77420,1.4882645359931743,-1.7647008198606902,1.6462915835917395,5140.0,0.0221,0.8,30000.0
1PW016,JT8D-17R,MTF,Pratt & Whitney,0.97,18.24,77420,1.374031525354237,-1.6358971833028422,1.6842058228927594,5140.0,0.0232,0.8,30000.0
1PW017,JT8D-209,MTF,Pratt & Whitney,1.8,18.3,85600,0.691511489516012,-0.9690519486133963,1.4723374649414303,4945.0,0.0205,0.8,35000.0
1PW018,JT8D-217,MTF,Pratt & Whitney,1.73,19.66,92740,0.778837758298469,-1.0148984906379908,1.5599725839388787,5240.0,0.0213,0.8,35000.0
4PW069,JT8D-217A,MTF,Pratt & Whitney,1.73,19.66,92740,0.778837758298469,-1.0148984906379908,1.5599725839388787,5240.0,0.0213,0.8,35000.0
4PW070,JT8D-217C,MTF,Pratt & Whitney,1.7,19.05,92740,0.7514434302648124,-0.9464528424403275,1.4815151991968825,5240.0,0.0208,0.8,35000.0
4PW071,JT8D-219,MTF,Pratt & Whitney,1.7,20.27,96520,0.9592072394818224,-1.1860260459532026,1.5842851209880822,5250.0,0.0209,0.8,35000.0
8PW085,JT8D-7,MTF,Pratt & Whitney,1.05,15.82,62270,0.7000034808162496,-0.9485949314235311,1.2433496846272554,4270.0,0.0225,0.8,30000.0
1PW007,JT8D-9,MTF,Pratt & Whitney,1.04,15.88,64500,0.7948333112761203,-1.0534421396156615,1.3040987458417643,4540.0,0.0227,0.8,30000.0
1PW032,JT9D-20J,TF,Pratt & Whitney,5.1,23.5,222400,1.2416067703935776,-1.6457195399485578,2.725671768181494,10680.0,0.0177,0.85,35000.0
1PW033,JT9D-59A,TF,Pratt & Whitney,4.9,24.5,235800,1.0963009045490673,-1.2884114001948666,2.6409557037591624,11950.0,0.0179,0.85,35000.0
1PW034,JT9D-70A,TF,Pratt & Whitney,4.9,24.5,235800,1.0963009045490673,-1.2884114001948666,2.6409557037591624,11950.0,0.0179,0.85,35000.0
1PW023,JT9D-7F,TF,Pratt & Whitney,5.1,22.8,213500,1.1186603208572181,-1.4598415186085876,2.5097266041281188,11050.0,0.0179,0.85,35000.0
1PW024,JT9D-7J,TF,Pratt & Whitney,5.1,23.5,222400,1.2416067703935776,-1.6457195399485578,2.725671768181494,11050.0,0.0179,0.85,35000.0
1PW025,JT9D-7Q,TF,Pratt & Whitney,4.9,24.5,235750,1.0963009045490673,-1.2884114001948666,2.6409557037591624,11950.0,0.0179,0.85,35000.0
1PW026,"JT9D-7R4D, -7R4D1",TF,Pratt & Whitney,5.0,23.4,213500,1.5298284492810574,-2.2356278341254456,2.7634768057182817,,,,
1PW027,"JT9D-7R4E, -7R4E1",TF,Pratt & Whitney,5.0,24.2,222400,1.5504338424516388,-2.173698200912021,2.745917409481307,,,,
1PW028,"JT9D-7R4E4, -E1",TF,Pratt & Whitney,5.0,24.2,222410,0.9934622893979163,-1.2693305589704056,2.500013086218215,,,,
1PW029,JT9D-7R4G2,TF,Pratt & Whitney,4.8,26.3,243500,2.3171633429393528,-2.749580215330158,2.865719813168208,12250.0,0.0181,0.85,35000.0
1PW030,JT9D-7R4H1,TF,Pratt & Whitney,4.8,26.7,249100,2.019423010424775,-2.561052549467741,3.058789232029726,12250.0,0.0178,0.85,35000.0
19PW127,PW814GA,TF,Pratt & Whitney Canada,5.66,33.87,68630,0.3444443936440516,-0.4527271281834431,0.7773975481644486,,,,
19PW128,PW815GA,TF,Pratt & Whitney Canada,5.6,35,71220,0.3625917741096222,-0.4627407605005529,0.8011893400487985,,,,
18PW117,PW1122G-JM,TF,Pratt & Whitney,12.72,28.78,107820,0.22077441965311428,-0.3200849426999701,0.8122568342369314,,,,
18PW118,PW1124G1-JM,TF,Pratt & Whitney,12.72,28.78,107820,0.22077441965311428,-0.3200849426999701,0.8122568342369314,,,,
18PW119,PW1124G-JM,TF,Pratt & Whitney,12.72,28.78,107820,0.22077441965311428,-0.3200849426999701,0.8122568342369314,,,,
18PW120,PW1127G1-JM,TF,Pratt & Whitney,12.28,31.66,120430,0.23634464940305536,-0.3089117888146196,0.8749811358615633,,,,
18PW121,PW1127GA-JM,TF,Pratt & Whitney,12.28,31.66,120430,0.23634464940305536,-0.3089117888146196,0.8749811358615633,,,,
18PW122,PW1127G-JM,TF,Pratt & Whitney,12.28,31.66,120430,0.23634464940305536,-0.3089117888146196,0.8749811358615633,,,,
18PW123,PW1129G-JM,TF,Pratt & Whitney,12.0,34.02,130080,0.2944620264969318,-0.36671220190322257,0.9540338326555532,,,,
18PW124,PW1130G-JM,TF,Pratt & Whitney,11.58,38.07,147280,0.40665761332794575,-0.44346262732645136,1.0629655509712752,,,,
18PW125,PW1133GA-JM,TF,Pratt & Whitney,11.58,38.07,147280,0.40665761332794575,-0.44346262732645136,1.0629655509712752,,,,
18PW126,PW1133G-JM,TF,Pratt & Whitney,11.58,38.07,147280,0.40665761332794575,-0.44346262732645136,1.0629655509712752,,,,
16PW110,PW1525G,TF,Pratt & Whitney,11.05,38.67,108530,0.39382857015946404,-0.5142175338728165,0.9126018567402283,,,,
16PW111,PW1524G,TF,Pratt & Whitney,11.05,38.67,108530,0.39382857015946404,-0.5142175338728165,0.9126018567402283,,,,
16PW112,PW1521G,TF,Pratt & Whitney,11.37,35.11,97720,0.2397665871848898,-0.35512211153936346,0.8071681918072638,,,,
16PW113,PW1519G,TF,Pratt & Whitney,11.64,32.28,87960,0.28331334465941205,-0.4231742027621636,0.7620890230586207,,,,
4PW072,PW2037,TF,Pratt & Whitney,5.71,26.7,166350,0.555796195476906,-0.723368925580409,1.742564305914242,6500.0,0.0165,0.85,35000.0
4PW073,PW2040,TF,Pratt & Whitney,5.54,29.4,182020,0.6286564342587506,-0.7375712676996256,1.8647262025316864,6500.0,0.0165,0.85,35000.0
7PW077,PW306A,MTF,Pratt & Whitney Canada,4.5,20,26870,0.21093516473129562,-0.31240276084106294,0.42027063749333965,,,,
7PW078,PW306B,MTF,Pratt & Whitney Canada,4.5,20,26910,0.21093516473129562,-0.31240276084106294,0.42027063749333965,,,,
8PW091,PW307A,MTF,Pratt & Whitney Canada,4.2,20.21,28490,0.23161326287784093,-0.3479154125154988,0.4466036943937324,,,,
15PW109,PW307D,MTF,Pratt & Whitney Canada,4.2,21.44,29910,0.48155808986304666,-0.6718837397082207,0.5461527749590929,,,,
7PW079,PW308A,MTF,Pratt & Whitney Canada,4.1,20.4,30710,0.30631425469883145,-0.4882686427561165,0.5434008156151208,,,,
14PW103,PW308C,MTF,Pratt & Whitney Canada,4.1,21.07,31150,0.27330163208780905,-0.4087128082362375,0.5072531630663428,,,,
1PW042,PW4056,TF,Pratt & Whitney,4.7,29.3,249100,0.8027595351347626,-0.9090025912149291,2.4530824322148206,,,,
2PW060,PW4074,TF,Pratt and Whitney,6.8,32.2,333200,0.9627114149830192,-0.9531613602138718,2.8930175015251702,,,,
3PW063,PW4074D,TF,Pratt & Whitney,6.7,31.76,333200,0.9395878157403998,-0.9364090812306444,2.9502166793392686,,,,
2PW061,PW4077,TF,Pratt and Whitney,6.7,33.2,343000,1.0790131177469748,-1.0303953954226455,2.9737924763315817,,,,
10PW097,PW4077D,TF,Pratt & Whitney,6.6,33.3,355700,1.9429087605771072,-2.3731603948203315,3.610412325285368,,,,
8PW089,PW4084,TF,Pratt and Whitney,6.4,36.2,369600,1.8655889279860955,-1.755151484172005,3.302806715644239,,,,
10PW098,PW4084D,TF,Pratt & Whitney,6.2,36.3,385900,2.5694840962465255,-2.9198068323366435,3.9146660686732835,,,,
10PW099,PW4090,TF,Pratt & Whitney,6.0,38.9,408300,3.6386841079010592,-3.9029061865318924,4.197642209857801,,,,
1PW045,PW4152,TF,Pratt & Whitney,4.9,26.9,231270,0.5373972014129784,-0.6676419370336367,2.264930755777726,,,,
1PW047,PW4156,TF,Pratt & Whitney,4.7,29.3,249100,0.8027595351347626,-0.9090025912149291,2.4530824322148206,,,,
1PW048,PW4158,TF,Pratt & Whitney,4.6,30.7,258000,1.2257018434915328,-1.3616923180949778,2.6210305301484844,,,,
7PW081,PW4164,TF,Pratt & Whitney,5.2,30.1,284680,1.0125929707042187,-1.2352358969880823,2.8957857675941696,,,,
9PW092,PW4164-1D,TF,Pratt & Whitney,5.06,31.3,286900,1.0457053828209466,-1.2470077552866528,2.9275436760233258,,,,
5PW075,PW4168,TF,Pratt and Whitney,5.1,31.84,302500,1.1180277155295952,-1.268592166522939,3.0397135517686693,,,,
9PW093,PW4168-1D,TF,Pratt & Whitney,4.92,33.1,305100,1.1963595236805313,-1.3363046717009603,3.082015763507231,,,,
7PW082,PW4168A,TF,Pratt & Whitney,5.1,31.84,302500,1.1180277155295952,-1.268592166522939,3.0397135517686693,,,,
9PW094,PW4168A-1D,TF,Pratt & Whitney,4.92,33.1,305100,1.1963595236805313,-1.3363046717009603,3.082015763507231,,,,
12PW101,PW4060,TF,Pratt & Whitney,4.7,29.7,266900,1.6164934397615944,-1.7911191249064764,2.744271597062665,,,,
12PW102,PW4062,TF,Pratt & Whitney,4.6,31,275800,2.0070828120391635,-2.1693940055509304,2.889425935122002,,,,
9PW095,PW4170,TF,Pratt & Whitney,4.86,33.8,311400,1.3509920167619158,-1.4880857988142677,3.1609450061195528,,,,
1PW051,PW4256,TF,Pratt & Whitney,4.7,29.3,252400,0.8904467086602986,-0.7915659556334542,2.3533293355358187,,,,
1PW052,PW4460,TF,Pratt & Whitney,4.5,32.4,266900,1.7709650691974692,-1.9183701604468224,2.797510723404418,,,,
1PW053,PW4x50,TF,Pratt & Whitney,5.0,25.39,222400,0.67080990359548,-0.818436510835679,2.179911309579471,,,,
1PW054,PW4x52,TF,Pratt & Whitney,5.0,26.32,231300,0.7472513202308797,-0.8743518266907042,2.259347799258561,,,,
1PW055,PW4x56,TF,Pratt & Whitney,4.8,28.37,249100,1.0259668239033208,-1.1174558901517744,2.4474882811747274,,,,
1PW056,PW4x58,TF,Pratt & Whitney,4.8,29.49,258000,1.2895695305581607,-1.373087383503089,2.5702264994890442,,,,
5PW074,PW4X58,TF,Pratt and Whitney,4.8,28.41,258000,1.316747908906274,-1.3781068479059342,2.5620185271266096,,,,
1PW057,PW4x60,TF,Pratt & Whitney,4.7,30.68,266900,1.6220308740311835,-1.6983546397864895,2.703690035683023,,,,
1PW059,PW4x62,TF,Pratt & Whitney,4.6,31.91,275800,1.8705411405341685,-1.9166849728875845,2.8172749242648027,,,,
7PW083,PW6122A,MTF,Pratt & Whitney,4.8,25.7,98310,0.5548736058305915,-0.725028826867429,1.2203767599914315,,,,
7PW084,PW6124A,MTF,Pratt & Whitney,4.8,28,105870,0.7595680082975997,-0.9138455336627485,1.326312427889088,,,,
1RR001,M45H-01,TF,Rolls Royce plc,3.0,16.5,32400,0.18991587134928378,-0.25843289364930744,0.5682421610333284,,,,
1RR003,RB211-22B,TF,Rolls Royce plc,4.7,25,182500,1.2516857032426192,-1.766464416632612,2.399583274122738,,,,
1RR005,RB211-524B,TF,Rolls Royce plc,4.5,28.4,218500,1.4922108148701878,-1.9068676304525907,2.632378823257663,,,,
1RR006,RB211-524C2,TF,Rolls Royce plc,4.5,29.1,224800,1.9176071980238552,-2.641638039680415,3.2144687515955446,,,,
1RR008,RB211-524D4,TF,Rolls Royce plc,4.3,30.22,231300,1.3279275574821168,-1.6354738133487243,2.6572993236673854,,,,
1RR010,RB211-524G,MTF,Rolls Royce plc,4.25,32.1,253000,1.8810136253124359,-2.1631673663024173,2.910077111762302,,,,
4RR036,RB211-524G-T,MTF,Rolls Royce plc,4.25,32.1,253000,1.8572319640989567,-2.302299098977576,3.0717197475454987,,,,
1RR011,RB211-524H,MTF,Rolls Royce plc,4.2,34,264400,1.7424022013756477,-1.8760021556842061,2.871682168505823,,,,
4RR037,RB211-524H-T,MTF,Rolls Royce plc,4.2,34,264000,2.149651540448077,-2.5380846649551727,3.2041036031313075,,,,
1RR012,RB211-535C,TF,Rolls Royce plc,4.5,21.5,163300,1.2457559337189001,-1.7133601100371816,2.2734438991410246,,,,
5RR038,RB211-535E4,MTF,Rolls Royce plc,4.1,26,178400,1.0522343926069295,-1.27857388383819,2.081150231774337,,,,
5RR039,RB211-535E4B,MTF,Rolls Royce plc,4.1,27.9,191700,1.413274182583169,-1.5770977317345944,2.238671655686652,,,,
4RR035,Spey 555,MTF,Rolls Royce plc,1.0,15.9,44000,0.6990676681957849,-0.9693941664033079,1.008948448670755,,,,
8RR043,SPEY Mk511,MTF,Rolls Royce plc,0.64,19.9,50700,0.8164320939737383,-1.1890217361934803,1.2658873550260636,,,,
1RR018,SPEY Mk555,MTF,Rolls Royce plc,1.0,15.9,44000,0.7094160848120863,-0.9819058328797241,1.011053144793559,,,,
11RR048,TAY611-8C,MTF,Rolls Royce plc,3.26,15.88,61600,0.5227116745983097,-0.7342502939965989,0.9472165792019277,,,,
3RR031,TAY 650,MTF,Rolls Royce plc,3.0,15.9,67200,0.6053222430064439,-0.8390869309538014,1.0993795891423044,,,,
3RR033,TAY 651,MTF,Rolls Royce plc,3.0,16.4,68500,0.622494943148426,-0.8894406954338892,1.1422307088099377,,,,
1RR019,TAY Mk611-8,MTF,Rolls Royce plc,3.0,16.1,61600,0.5802487456715465,-0.8444006843516221,1.02916283615366,,,,
1RR020,TAY Mk620-15,MTF,Rolls Royce plc,3.0,16.1,61600,0.5802487456715465,-0.8444006843516221,1.02916283615366,,,,
1RR021,TAY Mk650-15,MTF,Rolls Royce plc,3.0,16.4,67200,0.6805288528068233,-0.9307399459992738,1.1295048130409377,,,,
8RR044,Trent 553-61,TF,Rolls Royce plc,7.5,35.19,251900,1.150611583257091,-1.4663756068917282,2.4337091635040986,,,,
8RR045,Trent 556-61,TF,Rolls Royce plc,7.5,36.63,263900,1.116785114204584,-1.3273394372297067,2.458214214966557,,,,
14RR070,Trent 768,MTF,Rolls Royce plc,5.15,34.48,304200,1.058197355843254,-1.0570269223765751,2.9129944290161682,,,,
14RR071,Trent 772,MTF,Rolls Royce plc,5.03,36.3302939575395,320300,1.3958141059193434,-1.3530780971866727,3.103310772078503,,,,
2RR024,Trent 875,TF,Rolls Royce plc,6.08,35.42,351850,0.9473698567865615,-1.1025735995295223,3.2619896533122703,,,,
2RR025,Trent 877,TF,Rolls Royce plc,6.02,36.3,361640,0.8673071269558591,-0.9323957267151315,3.2816137719099436,,,,
2RR026,Trent 884,TF,Rolls Royce plc,5.87,38.96,390100,1.5681267926572326,-1.6867283536203608,3.685744668345337,,,,
2RR027,Trent 892,TF,Rolls Royce plc,5.7,41.38,411480,2.0376878272117316,-1.9090079482233369,3.7865344194945223,,,,
5RR040,Trent 895,TF,Rolls Royce plc,5.7,41.52,413050,2.4121640667165445,-2.482258903129337,4.106538641204401,,,,
12RR061,Trent 1000-A2,TF,Rolls Royce plc,9.32,41.3,310900,0.950599002906853,-1.0967640501293467,2.4396460841992873,,,,
12RR062,Trent 1000-C2,TF,Rolls Royce plc,9.16,44.1,334700,0.9222636515672265,-0.9376424945590185,2.527273374920008,,,,
12RR063,Trent 1000-D2,TF,Rolls Royce plc,9.16,44.1,334700,0.9222636515672265,-0.9376424945590185,2.527273374920008,,,,
12RR064,Trent 1000-E2,TF,Rolls Royce plc,9.62,36.32,268000,0.9816853764676462,-1.2982804859595376,2.2372561749318676,,,,
12RR065,Trent 1000-G2,TF,Rolls Royce plc,9.23,42.81,323700,0.9325399018480198,-1.0038157299653818,2.4821084394801494,,,,
12RR066,Trent 1000-H2,TF,Rolls Royce plc,9.49,38.52,287100,0.9511911873374004,-1.1896669565539986,2.3225563007305445,,,,
12RR067,Trent 1000-J2,TF,Rolls Royce plc,9.04,46.08,350900,0.996478158106179,-0.9488629693604171,2.6243077029492747,,,,
12RR068,Trent 1000-K2,TF,Rolls Royce plc,9.04,46.08,350900,0.996478158106179,-0.9488629693604171,2.6243077029492747,,,,
12RR069,Trent 1000-L2,TF,Rolls Royce plc,9.16,44.1,334700,0.9222636515672265,-0.9376424945590185,2.527273374920008,,,,
19RR085,Trent 1000-AE3,TF,Rolls Royce plc,9.2,43,310900,0.9658726827260145,-1.1087667303320634,2.4307384664780036,,,,
19RR086,Trent 1000-CE3,TF,Rolls Royce plc,9.0,45.8,334700,0.978595099408531,-1.0254085170303013,2.552782708956623,,,,
19RR087,Trent 1000 -D3,TF,Rolls Royce plc,9.0,45.8,334700,0.978595099408531,-1.0254085170303013,2.552782708956623,,,,
19RR088,Trent 1000-G3,TF,Rolls Royce plc,9.1,44.5,323700,0.9742551949963405,-1.0701054109120764,2.4998109572696188,,,,
19RR089,Trent 1000-H3,TF,Rolls Royce plc,9.3,40.1,287100,0.9628834213324835,-1.1948039349309294,2.3086416670309533,,,,
19RR090,Trent 1000-J3,TF,Rolls Royce plc,8.9,47.8,350900,0.9686317395491665,-0.9489242613880389,2.63833832743597,,,,
19RR091,Trent 1000 -K3,TF,Rolls Royce plc,8.9,47.8,350900,0.9686317395491665,-0.9489242613880389,2.63833832743597,,,,
19RR092,Trent 1000 -L3,TF,Rolls Royce plc,9.0,45.8,334700,0.978595099408531,-1.0254085170303013,2.552782708956623,,,,
19RR093,Trent 1000-M3,TF,Rolls Royce plc,8.9,48.7,358100,1.0045204358574196,-0.9564736813483954,2.682113913912003,,,,
19RR094,Trent 1000 -N3,TF,Rolls Royce plc,8.9,48.7,358100,1.0045204358574196,-0.9564736813483954,2.682113913912003,,,,
19RR095,Trent 1000 -P3,TF,Rolls Royce plc,9.0,45.8,334700,0.978595099408531,-1.0254085170303013,2.552782708956623,,,,
19RR096,Trent 1000-Q3,TF,Rolls Royce plc,8.9,47.8,350900,0.9686317395491665,-0.9489242613880389,2.63833832743597,,,,
19RR097,Trent 1000-R3,TF,Rolls Royce plc,8.9,49.4,363900,1.0573234832077372,-0.9876132940254623,2.722368748670147,,,,
19RR098,Trent7000-72,TF,Rolls Royce plc,9.0,45.4,327900,0.9979685432986485,-1.075642698077528,2.56362451946019,,,,
19RR099,Trent7000-72C,TF,Rolls Royce plc,9.0,45.4,327900,0.9979685432986485,-1.075642698077528,2.56362451946019,,,,
18RR076,Trent XWB-75,(TF),Rolls Royce plc,9.3,36.8,334000,1.4913834062956448,-2.037464340006284,2.9656771410181455,,,,
18RR077,Trent XWB-79B,(TF),Rolls Royce plc,9.15,38.8,355200,1.532045191681175,-2.0116810257490627,3.089375658893087,,,,
18RR078,Trent XWB-79,(TF),Rolls Royce plc,9.15,38.8,355200,1.532045191681175,-2.0116810257490627,3.089375658893087,,,,
18RR079,Trent XWB-84,(TF),Rolls Royce plc,9.01,41.1,379000,1.4983591465624877,-1.879338777759938,3.2089577387037935,,,,
18RR080,Trent XWB-97,(TF),Rolls Royce plc,8.04,48.57,436700,1.9269660400240172,-1.9763208991452013,3.566445727908602,,,,
18RR081,Trent 970-84,(TF),Rolls Royce plc,8.45,38,338700,0.8416011037696132,-0.9354131055728401,2.7071593308593775,,,,
18RR082,Trent 970B-84,(TF),Rolls Royce plc,8.38,39.35,352900,0.860514041890948,-0.9077318754611452,2.793542564015582,,,,
18RR083,Trent 972-84,(TF),Rolls Royce plc,8.41,38.68,345900,0.8519162075442014,-0.9240901783008992,2.752493503268152,,,,
18RR084,Trent 972E-84,(TF),Rolls Royce plc,8.41,38.68,345900,0.8519162075442014,-0.9240901783008992,2.752493503268152,,,,
1TL001,ALF 502L-2,TF,Textron Lycoming,5.1,13.15,33400,0.3198787762592213,-0.4294106792271935,0.5110964530314719,,,,
1TL002,ALF 502R-3,TF,Textron Lycoming,5.7,11.4,29800,0.20727728927014247,-0.28950631218336165,0.43154401602323145,,,,
1TL003,ALF 502R-5,TF,Textron Lycoming,5.6,12,31000,0.19132489804792316,-0.2534774645306206,0.42174212102554326,,,,
1TL004,"LF507-1F, -1H",TF,Textron Lycoming,5.1,13,31000,0.2383381823771752,-0.3422071913270469,0.4633980901402956,,,,
13ZM002,D-36 ser. 4A,TF,IVCHENKO PROGRESS ZMBK,5.0,19.9,63770,0.5015104174076963,-0.808108510529147,0.9441498818234031,,,,
13ZM003,D-436-148 F1,TF,IVCHENKO PROGRESS ZMBK,4.9,19.8,64430,0.6338294261851247,-1.1276137739343994,1.0447949496990196,,,,
13ZM004,D-436-148 F2,TF,IVCHENKO PROGRESS ZMBK,4.9,20.73,68720,0.6797192515487634,-1.1800792216407778,1.0847822629421893,,,,
